id,prediction
EC010541,71.68231195980692
EC009755,66.19019827596611
EC008886,56.07446206105817
EC009317,64.42975040894449
EC008958,21.145644469824894
EC008911,51.2892322629379
EC009722,80.67757136165679
EC008575,50.692931305032715
EC009166,71.64551956912936
EC008930,49.89779202154955
EC009060,17.698436733546508
EC009519,60.43703320002373
EC009909,104.17639481859692
EC009057,52.478464891008215
EC009523,63.004946527924005
EC009921,31.412437924363186
EC010412,69.85873293915033
EC008946,47.92435996000262
EC009422,61.328631799681226
EC010105,73.53306283401821
EC010103,92.73986962831125
EC009032,38.01333663616511
EC010373,59.145560950406505
EC009897,33.01962041895022
EC010628,44.9001972126209
EC009681,109.07046768038883
EC009196,63.49332045214828
EC009783,48.51617836327827
EC009896,61.316459646625574
EC009473,14.0680040305271
EC010337,96.54290865494767
EC010354,36.12116182148938
EC009187,123.03709483744187
EC009459,35.989159835480244
EC008904,62.31455804380332
EC009947,18.000212258813114
EC010329,70.6349980975688
EC008846,42.91308697637838
EC010883,34.197596936503714
EC008618,52.89155803092109
EC010690,83.05342214244843
EC009285,36.523943695354966
EC010967,51.015951341218106
EC009061,87.87668559631321
EC008218,39.19839216744315
EC010932,23.420427144293345
EC010070,65.59229363470932
EC008874,75.44916185485766
EC009250,51.37942141205204
EC008272,18.225728401192814
EC008406,16.47844751179125
EC008228,70.62568846845625
EC008241,51.052934097009796
EC009614,40.26367080551423
EC009088,28.080283199086928
EC008915,65.96935523761826
EC010464,25.974258248523988
EC009224,76.22276423387632
EC010189,83.2286592908972
EC008152,70.12904954017041
EC008179,54.218359813879374
EC008959,43.7291851454586
EC008212,30.302792127708596
EC009993,64.5046585706022
EC008407,68.84577147929544
EC009744,62.4622115855006
EC010711,72.52106632455883
EC010052,41.86416210535936
EC009741,44.96507457442141
EC010543,55.126192360556075
EC010752,34.74753160641947
EC009551,79.07205641226686
EC009151,58.41019920320741
EC008190,92.51951956597938
EC009065,63.28386753484972
EC009324,65.50495786201373
EC009781,50.659236254886
EC008337,58.735250514088136
EC008917,31.871502503189966
EC008725,63.99270499317183
EC010597,78.8037346739447
EC010559,76.03838090504675
EC010768,72.81857116222217
EC009642,45.18581451656402
EC009362,53.9121694096322
EC008162,44.47555664971944
EC009450,66.07844576370593
EC009215,33.30798968349548
EC009143,53.80542178163063
EC009874,38.627411877623054
EC010068,39.87710790769982
EC009097,38.3034917715797
EC010172,72.4462311920979
EC009067,81.68882367771896
EC009950,32.36446735790732
EC008762,35.68297946988221
EC009732,58.89501285326229
EC010250,63.57079682112635
EC010083,55.270406327064364
EC008661,63.04707190563787
EC008890,53.71795968990371
EC009128,51.37041675171126
EC010198,30.105959537717425
EC010296,49.60283751875188
EC010257,41.9150957015972
EC010669,50.25710426063205
EC010942,62.8088369643634
EC010623,51.76756701535766
EC010124,82.6274005731167
EC009092,83.67758075428105
EC010511,68.78970446664428
EC009460,71.10003866979302
EC010552,61.41031820906557
EC009483,73.48098553056082
EC009461,64.03735606562508
EC008619,52.09991641374637
EC009431,66.27389897909538
EC010371,52.06984788206984
EC009333,42.78343210065142
EC008983,50.38536957690879
EC010544,37.90107479334965
EC010243,23.83193773749916
EC010991,102.19575520941106
EC010982,61.72698040916377
EC010297,81.41004265692492
EC010854,68.34045938757919
EC010684,67.7383931553504
EC008165,29.239554800251877
EC008994,56.62892501758681
EC010278,22.155061739220734
EC008585,27.98036697331841
EC009686,76.41647468116628
EC008021,66.51469477687938
EC008168,60.863342781672216
EC008612,45.71931761907416
EC009370,41.94579415108392
EC009039,66.7884788930356
EC010051,64.34785065276944
EC008895,52.89808843603319
EC008201,71.65278529229174
EC010926,29.42258047545936
EC009648,65.88308666594897
EC008263,62.626194911594865
EC009676,93.35866668177188
EC010877,27.326035184427212
EC010218,45.42602040004393
EC008445,69.89519221213908
EC008806,100.7750989277159
EC008156,80.67035476701679
EC008818,61.87792154761
EC010449,55.87863538697543
EC010129,76.08776376425286
EC010988,83.75010890385566
EC008546,41.075635631227414
EC009014,95.88755282742159
EC008446,26.374132623766783
EC008003,49.15552589351917
EC008094,57.68042876618077
EC009997,44.010224449946335
EC008369,18.0721585597227
EC010799,38.80825136952458
EC009495,50.42314101391962
EC009302,76.0402471668861
EC008597,69.08188509850918
EC010613,68.7037320065737
EC008733,42.505992706438796
EC009810,60.50204680953984
EC009062,61.27712061684723
EC008555,77.0812461681788
EC009525,52.2300114996411
EC008784,47.089943457435055
EC010956,57.813331091474005
EC009906,79.0797225472656
EC009407,45.806393045515996
EC009819,67.13032619475284
EC008753,48.32033391863628
EC008288,52.68458006074506
EC008916,46.21228444834519
EC010571,69.39255220300149
EC009442,67.12572545492736
EC008954,33.51852012426004
EC009941,58.83957435861518
EC009369,39.39733244115126
EC008615,78.93599929366044
EC010787,22.31598425601765
EC008349,48.26630776678964
EC009198,103.0763664446107
EC010360,29.390619595769458
EC010935,64.81131674953687
EC008879,54.08543818488358
EC008435,61.839233832501684
EC009121,44.644812789219216
EC008185,73.62345043968915
EC008194,51.91484169012556
EC009178,52.109883763574075
EC008070,52.3707604314561
EC009802,58.794695299837194
EC010946,62.86602685951381
EC009522,30.52026985630415
EC010100,90.86136314392874
EC010075,43.97017415213309
EC009379,69.99410155914138
EC009903,65.86162941246756
EC010679,80.01229372873487
EC008669,46.613195036949385
EC009555,35.95227323781057
EC009372,93.40764805213212
EC008876,70.83122718998399
EC010837,35.127808706697266
EC009440,41.74801683581385
EC008613,36.070304290793885
EC009413,36.81341976361649
EC010922,43.59963755860406
EC009123,59.58451125304447
EC008245,83.78665288747595
EC009254,53.860953836858094
EC009468,35.238633515296925
EC009586,69.25696327006231
EC008025,62.03457271587304
EC008511,28.535411483300745
EC009803,64.2750833848476
EC010347,49.53701257450476
EC010784,39.71427365770463
EC008170,31.644365034705338
EC010454,61.497400254989785
EC010983,69.5994270649006
EC008805,66.75291042456692
EC010805,53.29385787482384
EC008384,37.1403051663703
EC010879,70.95925005559444
EC008704,51.50014693796084
EC009490,39.43647524565011
EC010284,61.90233928814317
EC008314,84.37358455039556
EC009606,46.83508812082767
EC009601,56.70158193070883
EC010818,60.612748733024354
EC009894,17.997407668801745
EC010210,37.52861475471463
EC008394,59.62017614143719
EC009590,69.7361551400257
EC010473,41.502519369886656
EC009203,86.23083955406989
EC010617,60.0244403844015
EC008527,97.16837640422699
EC009101,52.99149374109703
EC009700,43.547119984679156
EC009448,71.78339246599764
EC009309,65.43874530782357
EC008624,50.28239277623814
EC009696,25.59588830003669
EC009085,79.4269471491445
EC009406,24.85888560871343
EC009851,58.41838967665773
EC008651,115.3590038601053
EC009360,73.56541605360188
EC009281,100.50513729364185
EC009635,53.97350708322604
EC010268,78.20146874843462
EC008375,34.53762403306739
EC009963,17.295425092781777
EC010491,51.474162903853134
EC008674,47.268645940407936
EC009274,65.53970757600305
EC008934,93.75202035737263
EC009957,38.3566788708075
EC009942,24.02241270558059
EC009768,41.443111405039666
EC009995,22.002632002005694
EC010170,50.97277547100229
EC010618,58.5513856744887
EC009754,41.44273948899349
EC010448,79.38565034556342
EC008770,64.89478327812148
EC008159,38.17710802597733
EC009973,41.53675106353986
EC010751,45.54095602395209
EC009361,78.7803897360382
EC008815,50.84808126409844
EC008826,58.481897402579506
EC009157,77.96242318927928
EC008628,45.54004115205978
EC009811,42.93025625792052
EC010611,35.92513508473949
EC008419,51.86280382872871
EC009348,81.08194296733163
EC009698,43.364902733413686
EC010736,27.434831058003137
EC010387,51.29188683035686
EC010062,42.93874001538491
EC008362,76.96405237981413
EC010171,68.63648253441599
EC008694,91.52912464583525
EC008016,119.12358661831331
EC010777,91.4521526852876
EC009578,31.589518558923444
EC010874,41.66843115300395
EC009312,87.92068006340621
EC010876,52.82928839523488
EC009455,41.841520816102026
EC008888,75.69892067820908
EC008837,26.087671736937416
EC010566,45.89078534216128
EC010101,28.22584957131138
EC009117,35.49623317129143
EC009260,35.19769481217921
EC009329,63.95069024664656
EC010727,77.93235380170078
EC009565,55.58099198041998
EC009842,64.53319308109464
EC009671,60.65712235276817
EC008808,23.439732821963467
EC008022,53.708571793988774
EC010800,32.69131543687024
EC008023,69.91090122836617
EC008327,110.87138201554549
EC009353,25.08127754781745
EC008493,26.25708586422945
EC009538,68.08162168192618
EC008431,35.75456171476421
EC010915,43.343690217894334
EC008151,61.526343683710365
EC008905,84.1328684078781
EC010397,53.72835615792329
EC008217,75.15025602047568
EC009712,63.850827031180515
EC011000,68.53081461448028
EC010066,76.1507776343214
EC010502,50.80693702015713
EC010761,103.79064656437325
EC008711,19.02866467873634
EC008203,52.2401944563927
EC008430,46.91644051693062
EC008464,30.026736857952248
EC010794,68.038890638917
EC010081,38.50861497384352
EC010418,34.355481341769824
EC010516,79.51101610614664
EC008569,57.160768145253556
EC009150,21.128030834447827
EC010830,46.56974247005684
EC008157,54.841749184056134
EC010336,103.53192082633788
EC009415,64.41616679151002
EC009610,60.86917087700361
EC009982,61.95786243465922
EC010184,84.34414437251732
EC008018,65.84029246634827
EC010067,65.44609584074496
EC008106,58.24656165360098
EC009773,61.581228089624766
EC009392,54.99622443118993
EC008598,73.71912164111659
EC008363,38.0440591188535
EC010382,45.50067150952011
EC008055,69.6957372949473
EC010186,45.15362361988238
EC010258,21.67032588884426
EC010233,32.16698508407289
EC010407,111.97825594118808
EC010781,58.38432666457363
EC008004,34.61540107019608
EC008944,52.728713972912956
EC010519,79.64201349768899
EC009183,53.50757649432333
EC008814,28.014007304792052
EC009647,65.60723268473066
EC009808,60.22604882546622
EC010255,46.406273252480425
EC008621,73.69286561587403
EC009470,72.67775777234647
EC010858,67.98660141524653
EC009774,66.5009512310402
EC009354,48.39317823222762
EC010913,50.62162364340074
EC009405,84.85512628373127
EC010602,48.52127435451005
EC008566,73.50588491508226
EC008927,70.54092480451754
EC010429,23.88759897240807
EC010944,57.768531983879726
EC009307,47.59222162071746
EC009212,41.571723572126515
EC010071,23.023155367166268
EC009007,43.82527382745818
EC008161,34.582006901172605
EC008809,52.417948275085955
EC008105,36.22742912099587
EC010206,47.074823523368366
EC010192,52.114795465739164
EC009208,56.8899258174243
EC010367,13.487935020530221
EC010157,74.80677628813079
EC010199,42.80708237308221
EC008477,31.44715696487104
EC010961,86.63857546953184
EC009796,70.3380723954823
EC008126,82.55564232219552
EC010697,71.61852287901246
EC010489,61.43929993729957
EC010829,61.31193903830743
EC008442,114.97883473306297
EC008761,66.23464493039333
EC010426,94.78603698186936
EC009364,112.11728975239956
EC009619,91.30315883745183
EC009409,79.43209984286548
EC009786,65.50427153591272
EC008747,36.36046863706855
EC008695,78.0746272501611
EC009346,35.66318480577682
EC009456,54.59785369363429
EC010127,60.730022389438005
EC010302,40.13566584566658
EC009186,60.73230366143267
EC008253,70.47911139577992
EC008416,67.05392030579125
EC009890,21.64776797565758
EC008522,46.02615001361692
EC010622,94.90041882332561
EC009939,36.633231640515035
EC009657,55.74824986713803
EC010160,19.696881466292062
EC008754,44.0018520339094
EC008088,45.080476758884444
EC008707,27.718844519404044
EC009447,47.85237970696183
EC009550,74.79666833586839
EC009249,21.806569369694138
EC008799,55.23992144751204
EC008147,38.95250653963341
EC008063,56.67474767080778
EC008086,45.97536915431726
EC010945,43.84465099842143
EC010238,40.62247738150821
EC008153,42.402117735505044
EC010331,43.54009185912258
EC008417,43.93918883483994
EC009567,66.5333932187447
EC008605,43.9971948151688
EC009449,71.91805314600448
EC010844,37.29207250866173
EC010619,44.9648656583076
EC010785,37.93279604585504
EC010812,61.45795410876989
EC009076,48.42501561649705
EC008989,26.294721437661217
EC008035,64.40382263077701
EC008211,33.637755334142085
EC008172,31.075833672603324
EC010634,63.86788502543081
EC010131,52.144542967625114
EC009493,43.55217542108503
EC009378,41.764064429242566
EC010181,49.79690038871892
EC009667,62.45877746138355
EC010969,81.1585659146249
EC009943,53.021634393637825
EC010507,42.80908395493509
EC008743,30.431198118649114
EC008892,42.837917741686546
EC009561,46.47143675851281
EC010427,26.093923192080688
EC010494,22.81497031538381
EC008002,47.28220067930582
EC008390,76.10069274511224
EC008427,26.625818667025214
EC009064,35.00142210197215
EC010505,48.75133554633351
EC010481,36.11235036899691
EC008557,66.85631703376762
EC010583,35.40394761993726
EC009290,58.20297678421049
EC008570,52.42815601906747
EC009037,64.5230799645022
EC008122,84.07884071224571
EC009870,20.93054522911747
EC008490,17.528961676790782
EC009818,42.738140876456555
EC009777,35.00169483490287
EC009917,30.686987189260574
EC009445,41.399567115725105
EC009634,69.61959986434252
EC010441,50.39411392706356
EC009084,21.241099931709314
EC008303,58.93369225758193
EC010307,61.34672144937728
EC008851,58.32258355112185
EC008819,43.81495747445565
EC009527,92.8168363424929
EC008177,49.99204971018946
EC010804,39.74541818254472
EC008421,29.667197399074045
EC010536,53.14329600545151
EC008549,56.715908282604445
EC010643,45.42132158286149
EC009199,58.331729280483714
EC008169,50.453124808011275
EC009816,48.258679045303836
EC009099,79.15543483010548
EC010133,68.60088214768088
EC010414,39.030449042989474
EC008591,72.46883733204207
EC010885,71.24908996395149
EC008469,44.057724156643076
EC008261,43.08172472831032
EC008184,28.882042291706917
EC008232,18.253155528321024
EC010232,54.012027932186314
EC010013,66.35784765557193
EC008200,69.83128878167048
EC008271,66.52208051299324
EC010361,39.39475328965
EC009259,79.03726955386372
EC008763,65.58715969128166
EC009031,65.02289217843699
EC008817,60.61182486943995
EC009273,38.904399757070706
EC009924,49.626601729470345
EC010598,62.30739006405698
EC010905,38.184448822009784
EC008551,45.063923411512455
EC010428,37.65957879926012
EC009288,22.875984123094497
EC009344,78.0150578405858
EC008962,71.42148636398736
EC010606,33.005657813642266
EC009805,50.815269417495934
EC010042,56.76065096954861
EC010119,27.415864460622466
EC009583,41.89471848210896
EC009163,91.84898376823179
EC010604,66.25692196447906
EC009244,51.3659466744252
EC010440,41.975180864896615
EC009342,71.54337565642842
EC009594,41.213895539720184
EC010653,73.03667552427773
EC010478,64.69321206262991
EC008504,50.36570979103858
EC009210,78.54784342479336
EC008439,64.67550645483261
EC009352,55.45137592687517
EC009155,90.20669353578805
EC010116,33.95185291398901
EC010527,45.49375951492215
EC008745,51.68503306892301
EC008199,74.70261943565002
EC010839,39.95016381038702
EC009153,108.03854361219483
EC010691,55.90893313790177
EC009546,101.6548484797672
EC008699,49.65211454749851
EC009124,51.74628346889861
EC008602,62.6956117000376
EC010959,53.77031120197816
EC010451,76.78719700362596
EC008893,66.86148654777895
EC009103,39.210262439038104
EC008609,70.01741667485925
EC010923,70.8329314430743
EC008768,62.22937901871787
EC010328,67.8179229531775
EC008821,47.910509063708275
EC008684,61.69846155994908
EC009859,78.92610847593039
EC010002,55.02217692794346
EC010130,98.48287766277146
EC009926,72.8071173735216
EC010792,74.39532640696329
EC009489,58.90174843535596
EC009828,34.96913448967025
EC010762,66.3071615884172
EC009251,72.15187692231176
EC010706,57.99806885746257
EC008131,26.724220675625276
EC009734,66.54759193804972
EC010003,46.38749759175145
EC010567,36.54868517719656
EC008827,76.4307411340094
EC010719,66.34906854406361
EC010017,51.90090840531175
EC008193,54.12288756729558
EC010223,62.8404694179758
EC009780,134.21761692912662
EC008721,56.738328780768384
EC010145,42.90116154553732
EC009315,26.227156297543665
EC008938,20.677309268876922
EC008897,29.879937277689155
EC009830,25.845344898605248
EC008213,76.99430114430517
EC009863,72.63674755584863
EC009027,39.5624779618601
EC008361,32.56030423829734
EC010467,33.808529906053145
EC008654,44.30938931771555
EC010607,81.10162463954337
EC009964,80.26869688963068
EC010642,59.36861517720487
EC010309,44.00430874357913
EC009656,79.04519847781305
EC009135,44.57620903658291
EC008317,125.59897489817826
EC010557,63.559241758151174
EC008594,65.44450474821464
EC010513,16.54478480621097
EC008432,111.6733248725744
EC009792,70.62061970922936
EC010888,42.58391745457848
EC009356,54.613467792655726
EC010185,56.94273206316032
EC008579,75.4285588310707
EC010287,47.41453806449581
EC010372,57.91613238427108
EC009886,40.909908546211994
EC009960,51.09909675452964
EC009109,24.72672338612606
EC010656,80.63893098503414
EC008515,42.77942296047489
EC009600,38.16015488967299
EC010975,96.87197178301122
EC010940,39.85893246710047
EC008670,51.601106909423784
EC009426,56.105189709758655
EC010138,45.91345653542757
EC009322,28.869250636500507
EC008632,54.656002477351485
EC009866,65.82316683690057
EC008693,53.01500537996369
EC008590,124.93442837196793
EC010348,60.95983413480349
EC010332,38.407160122847294
EC008931,38.0358874937419
EC008296,57.620412866059866
EC010416,18.742701303646392
EC008646,89.38617556563008
EC010859,48.00965195593191
EC010374,51.84773248099885
EC009436,19.68398340939361
EC008368,60.3754523895184
EC010191,71.02044044165767
EC008822,66.99284156669175
EC010709,73.85913472975051
EC009300,42.22798067962475
EC008005,62.81231140805488
EC008738,57.61065777472772
EC010512,41.31704723679333
EC008075,68.77765778433633
EC009852,79.38722429458228
EC008196,46.584309538118305
EC008509,50.92384296582486
EC010227,63.17666714709443
EC008921,28.13738559328618
EC008864,46.80788938818554
EC010421,78.63824582028283
EC010267,78.46745598453805
EC009743,55.90865940869812
EC008133,47.58008095149568
EC010508,41.26705657733344
EC008622,75.61472349820146
EC009646,56.95392333247155
EC010707,28.840606346018596
EC008325,37.91851972309436
EC010924,48.80860068488337
EC008316,58.87363845239677
EC010500,61.618884495040874
EC010728,85.0311489167477
EC010487,36.58448232755953
EC008769,21.814935811576348
EC008881,46.858382907781746
EC010306,35.79087477516631
EC009966,77.7214290325536
EC010453,73.6433173088556
EC008292,41.48827093408302
EC010887,27.608239687056134
EC009928,86.22850085617179
EC008812,70.58534753063893
EC009980,73.01719616889086
EC010621,22.41977853753236
EC010146,79.2651371321024
EC010868,72.0367294999601
EC010774,26.552151078300483
EC009751,65.55360170173797
EC009227,30.930897361423987
EC008625,42.44715666308556
EC010285,50.92370015799836
EC010313,36.854464942290704
EC009412,77.22644906320195
EC008462,63.39676455615522
EC008180,64.81049382160745
EC009782,77.32333620944539
EC009703,84.07410605878216
EC010207,40.57410733333245
EC009207,19.763854161158786
EC009165,40.54988623332746
EC008521,87.56503901143688
EC008830,49.04792225252498
EC009967,79.88577813148369
EC008066,37.324985293153524
EC009929,67.21537643695189
EC009319,81.59934506702488
EC009335,43.015479963921734
EC009688,22.440666803822065
EC009553,87.90267462976243
EC009052,40.828337866516264
EC009824,54.92169912709655
EC008898,64.21047227092996
EC008882,25.09037950932367
EC008355,48.42299873790789
EC008728,27.05880205340997
EC008539,65.47446557537327
EC009328,50.03405686090501
EC009595,39.17131008677137
EC010573,35.061714112983026
EC008973,69.10350616176675
EC009425,40.60197892877492
EC010685,29.58186311159705
EC008798,54.193231679177885
EC009931,57.38479972429741
EC010137,88.46343452492327
EC009439,76.17695595583923
EC010616,38.169859170517675
EC010941,35.57698922527298
EC008350,43.636232102738234
EC008538,32.58300385478816
EC009739,38.28235776988086
EC010301,36.96651794476827
EC008341,49.30661914100804
EC009265,39.63911009095199
EC009534,74.78795284580417
EC009498,46.35972830432436
EC008629,49.89921535799635
EC009326,49.10301334339498
EC009263,46.054769368310204
EC009111,52.98385730345642
EC009737,45.86280524699752
EC010696,38.001125948181894
EC008960,22.42467503589034
EC010370,60.78225844160193
EC009711,64.01644093658797
EC009785,49.67530442997396
EC008137,74.53946222434998
EC008485,88.92940987838642
EC009990,45.754453125188306
EC009624,33.801645555215885
EC009003,22.57276175762508
EC008420,50.3597746421882
EC008049,56.66949580249596
EC008069,65.44988586974193
EC008600,95.6619230796544
EC008481,65.22367469518878
EC009233,86.99710579846037
EC010335,44.22347490688778
EC008112,59.64923028821704
EC008840,83.26133643326848
EC009271,71.62694557468333
EC008774,27.832763718721154
EC009511,71.27902465278859
EC008238,66.06116406345669
EC010568,38.228182067538555
EC008681,34.423782962621736
EC010417,50.276363088523674
EC008270,48.04367406392179
EC008679,41.13305725285051
EC010215,42.852656807024644
EC009631,50.339078771490875
EC010599,130.39086663737027
EC010275,56.12255431747166
EC009367,36.08622342744007
EC008371,29.17192956015662
EC010572,28.674156387947882
EC008966,26.912143855974584
EC008240,50.644397928567784
EC010194,21.111876716004275
EC009129,97.09372764067766
EC008413,65.57544606783641
EC009130,69.62459246048888
EC008089,43.06621180350258
EC009506,47.818029375079675
EC010472,58.29382093913205
EC010612,79.0293104349169
EC009387,42.57510993503973
EC008663,51.72444499709312
EC008889,22.168696124947388
EC009397,66.24057671842431
EC010442,69.47465457446026
EC009952,98.04089422411525
EC008252,32.897919898385084
EC010596,39.38045866119348
EC008856,66.54582235910918
EC009021,22.228461961466625
EC010595,63.59202319310043
EC008520,69.39189865777269
EC008533,50.449811370947366
EC009089,63.7240182406734
EC009463,67.12992330512874
EC009105,68.42657597401704
EC010178,85.53876815041764
EC008641,25.281316119384293
EC009663,62.11262827227659
EC008660,74.90366912399408
EC008483,47.543489900149865
EC009880,42.53719695660044
EC008736,41.677659373206055
EC009988,84.54120454212125
EC008074,75.28450617389872
EC010018,48.5953878379092
EC010620,69.51557884266049
EC009377,84.83377916315284
EC010539,39.66389023065602
EC009075,68.50964086289464
EC010326,40.69091999620442
EC008465,40.468858931629626
EC009984,23.762837614837906
EC009720,80.55681466913704
EC008697,62.97147111327636
EC009572,46.02789588147594
EC008458,27.151288541113768
EC010281,77.94631969160349
EC010813,42.25259118229893
EC008899,63.86558815957598
EC008475,45.207827600649466
EC008865,95.85777125214983
EC009049,73.80926953209668
EC009110,17.019425927800143
EC008804,32.63041057045223
EC008942,56.570520316979966
EC010817,31.37583477736533
EC009625,82.64650995979072
EC010161,47.401385978155936
EC009972,39.88655657666434
EC009537,54.70562409444973
EC010241,41.91392881953221
EC010949,57.08374448121284
EC010919,59.90497050120956
EC010626,84.43327632920571
EC010034,30.671358435193877
EC009078,98.41287996814943
EC010872,41.05811672582445
EC009888,47.8202805245021
EC010842,28.222146356169496
EC009339,90.89326081013519
EC008985,54.960147206702196
EC009191,28.10863146449676
EC009371,45.2923134605813
EC009359,42.245855980698146
EC010123,46.49985040023997
EC009073,65.01794518638994
EC008123,50.696674885519
EC010964,61.592141410608555
EC009752,67.36344951259211
EC010608,56.107443956533906
EC009148,56.43951701105428
EC008811,40.59423562377393
EC008321,69.2769108855976
EC008092,51.21875155566343
EC008149,67.03403945523107
EC008249,38.71202181058872
EC009708,40.65965842604972
EC010570,50.800073733602005
EC010806,62.53934012638729
EC008096,37.31896552717561
EC010228,23.088679431253833
EC010802,64.69502968173053
EC009170,41.82754981299327
EC010310,56.282285131915444
EC010366,42.15171833819859
EC009827,41.33315009201199
EC008824,62.86836741672662
EC008572,32.808337166974454
EC009787,66.62355074342196
EC010270,43.20263532354156
EC010927,71.70110990342734
EC008336,51.820098361999754
EC008051,57.88376419004024
EC009849,41.0500841086633
EC010381,47.75112436643612
EC008491,40.23514629514921
EC008456,21.834422815386777
EC009905,36.695506276349306
EC010609,75.03156820126131
EC009338,37.574405420435895
EC008558,42.48095184364898
EC008409,52.43367062863423
EC010019,34.70577612255625
EC008060,15.449031005987553
EC009286,30.40049888836179
EC010601,49.48303667676712
EC009056,49.098383068351254
EC009876,21.77742354245994
EC008259,48.335756934765094
EC009252,49.76774110857699
EC010038,59.33116635964953
EC010549,18.562013807528324
EC008366,67.1676244457951
EC008405,35.28114624251301
EC009564,51.937358469667025
EC008708,69.75227985976576
EC010352,16.85250224983885
EC008455,83.77444393623388
EC008457,25.965741752075992
EC008623,59.86742758227388
EC009169,67.51022753398821
EC010744,50.08727198258882
EC010808,31.64807206658626
EC008182,96.890884103754
EC008556,47.43788486896115
EC010282,58.12283373893773
EC010862,63.59969484635599
EC009715,47.40273297138043
EC008473,59.919670480598626
EC008487,99.3306876573691
EC009035,41.730126133220516
EC009433,37.976469434343386
EC010807,29.94214669456285
EC010143,45.68752972614433
EC009365,73.52309366485561
EC009197,60.1137880750034
EC008863,69.28330043031008
EC009872,36.77531792310707
EC008059,25.555333563067844
EC008318,65.35332368443876
EC009204,64.61919516928472
EC008868,40.79291586393514
EC010217,49.2523235102464
EC010498,45.24321464516838
EC010458,68.22938772271559
EC010343,64.19759882128479
EC009164,57.08758555527291
EC009616,38.113882388618315
EC010870,68.28581348388218
EC008867,67.30853848801023
EC008644,59.68626446892749
EC010376,38.76074642302064
EC008297,37.12025289696136
EC010455,42.42249835407235
EC008214,45.91121614412738
EC008744,47.986208450952695
EC009692,68.83057260327374
EC009706,59.246957063708564
EC009112,76.60410672165517
EC009306,84.3859651175674
EC008360,63.765386790959816
EC010947,78.46366348855366
EC010162,51.044560251496094
EC009462,51.81869792150168
EC010978,93.43744789639754
EC010212,52.33884785408372
EC009705,36.34388508228349
EC008940,75.0969947699486
EC009898,55.785665145988816
EC010756,70.0514252882057
EC008758,60.24048615963394
EC008155,64.04393829170107
EC008183,97.78904473806446
EC010411,50.179699317353666
EC008909,59.25469320101159
EC010554,100.60766924844137
EC010174,76.5169805235525
EC008599,63.516710432839446
EC009788,43.171410281928644
EC008803,67.95835388657557
EC010277,64.44723916505978
EC009841,43.334876697238805
EC010405,55.93809966068442
EC009604,42.907159550510315
EC008627,72.24345360712917
EC009501,44.35117441912509
EC010651,42.93211639062751
EC010321,54.316915497147896
EC009043,50.98312929478593
EC008387,77.61540737211027
EC008950,73.03303998431693
EC008301,34.3343322916125
EC010056,33.81246519618985
EC008340,65.87729840080496
EC010836,63.33325626777596
EC009366,66.7239816909296
EC008132,36.34904672082546
EC009756,110.74566834192797
EC008748,24.933816069264452
EC010633,68.63374324569624
EC009262,71.0798908126869
EC010353,68.17415402153642
EC008526,62.15344850812205
EC009435,65.13039393100723
EC010558,51.88519681949041
EC008471,52.16642416148061
EC010603,60.22849018057012
EC010990,44.87413312876153
EC008957,27.231754704019494
EC010856,43.43868001847857
EC009668,69.97790090934335
EC010644,27.409739273691486
EC010245,28.800202824747014
EC009568,21.151075176235164
EC008700,56.82003907092758
EC010918,46.213506555223056
EC010324,66.14525718173768
EC009695,33.09768704879668
EC009892,98.75540666059592
EC009613,20.674000218794937
EC010882,53.039606927180394
EC008291,54.65552854745921
EC010938,53.29403462548978
EC008225,23.92298095583938
EC009499,69.15693866982058
EC008150,73.77378148814313
EC009654,44.648089725205466
EC009770,61.41731186001596
EC008900,20.0430659933726
EC009396,79.39817878474152
EC008767,54.28787395142108
EC009093,90.00532606185674
EC009691,62.81236556871727
EC010283,76.8558272389446
EC010098,49.48837163404387
EC008948,41.64583395074243
EC008953,62.41462877380427
EC010659,48.82806430349198
EC010533,63.05045076865298
EC008437,60.62775256793304
EC010345,67.80066357990516
EC009399,51.07167602654886
EC009229,67.08526638188053
EC010786,89.79479614909681
EC008125,68.94205780960176
EC010470,65.37734257098823
EC009915,83.64684641377407
EC010963,55.54296626991247
EC008388,44.822656152368666
EC008221,43.35017874832395
EC010902,56.88776467236892
EC009925,35.025182485369626
EC008529,17.769718607734305
EC008071,71.36837879673993
EC008752,40.28352352186825
EC009261,50.619567521946806
EC009347,36.57227370365556
EC008665,80.60279493130675
EC008274,76.65045546252918
EC010930,88.18407066532234
EC009621,57.49149065434938
EC009179,48.754246634770666
EC010065,25.302084721978577
EC010298,82.78595090314145
EC009850,63.73996379700215
EC008908,45.26123110796113
EC009102,50.56432821955136
EC010878,39.48752647517099
EC010873,88.99449885930346
EC010586,37.33730680289596
EC009206,59.74968246958173
EC009602,37.62557008754894
EC010220,43.680401849418985
EC008564,86.48432906797552
EC008788,64.39492199673452
EC009024,100.93064581906316
EC008265,73.68357360856902
EC010822,43.9242297471803
EC009838,48.95873805026175
EC008242,76.89558790674613
EC010180,34.84056557514141
EC010183,65.86421214772484
EC009725,106.54814671954904
EC009532,37.459965993588256
EC010252,118.42588422251347
EC009891,54.71698706849524
EC010476,57.86289498871167
EC008286,35.881123411284506
EC010906,51.71692262385967
EC010715,50.13042976901549
EC008385,59.850843456475374
EC009320,52.70194518175161
EC008720,62.97051362898253
EC009410,55.726814380868596
EC010156,80.7819331735447
EC008855,104.80729720591657
EC008873,61.35133456878751
EC010117,57.86256900137216
EC010391,70.486044402535
EC009287,73.67163230004255
EC009316,42.17883330538377
EC008102,45.065558194484055
EC008662,19.18780898949027
EC010242,84.34829892120618
EC010710,41.52458763393289
EC009072,69.6466741474175
EC009664,45.38295013746814
EC010968,46.21762700713135
EC008008,88.92455386544451
EC009807,64.54332869895356
EC009726,58.2263764625771
EC009363,20.598174815933497
EC010271,60.548526175154166
EC008167,70.73558549175668
EC010107,34.831505046058986
EC009391,70.37881211976253
EC008404,62.68814479047653
EC010718,41.86441509981243
EC010594,78.32595178154254
EC008996,24.399373976061774
EC009041,56.32635625014772
EC010011,73.67608079274859
EC009475,127.45397671997499
EC010986,47.659270157467446
EC008283,64.57593458306404
EC010695,47.46144975956979
EC009581,27.600379443134877
EC008107,51.60158546739754
EC010425,71.87960006502996
EC008104,40.03030695526223
EC010386,98.98608514923636
EC010351,39.808013343216395
EC008139,47.72825696708101
EC008501,70.62244120002586
EC010341,29.563957522095723
EC008424,79.40606523105822
EC009176,71.9893773070508
EC009516,15.738569877937433
EC009418,54.44322771700034
EC010703,30.872621345378466
EC008554,28.967287742435623
EC010896,34.454995959298316
EC008078,78.7629344242782
EC010996,72.59322813364813
EC010430,71.55914436691647
EC009804,46.75623913207853
EC009432,45.48878603127625
EC010305,28.63575202799905
EC009509,55.18505336138721
EC009769,65.4398773080631
EC008414,38.63249832674491
EC010562,63.11285962111077
EC009403,119.74192663849988
EC009192,89.95721456215736
EC010014,53.236763139827076
EC010764,62.85976851992687
EC008683,40.5880761790874
EC010987,102.49307335889662
EC009530,57.61416263067943
EC009699,48.254413311403866
EC009945,26.033707890532433
EC010099,61.909386212579946
EC009141,64.97436444954862
EC010484,20.88386493951235
EC010142,61.0198424336172
EC008771,75.89782835565588
EC008689,86.76592993055925
EC008376,46.222553851765674
EC010164,37.2872190462274
EC009350,23.206220521967015
EC009020,76.6301713646718
EC009162,61.45141694115285
EC009190,56.98412794275372
EC010793,55.57031087590812
EC010843,48.264580053231995
EC009079,28.47089776694953
EC009953,67.05992363250708
EC009234,48.90239676922107
EC009294,43.773711452966424
EC009552,75.73683039756283
EC009541,43.25009734779717
EC008578,47.318270977020525
EC010704,47.954409378357624
EC009219,46.200772103669166
EC010550,99.78486430183644
EC009510,20.704581929052807
EC009496,74.07713621917433
EC009484,84.68218693451331
EC008514,37.073319886869555
EC009318,68.88765492782477
EC009603,66.01331791944934
EC008246,75.02547941705538
EC010004,50.593967703407785
EC009395,64.42341412469983
EC010204,53.45643439398815
EC009034,87.4288543466817
EC010435,83.74063448267032
EC008127,99.44454976862625
EC008596,44.49031903911721
EC008091,37.139341732589756
EC010049,21.720018152818433
EC010646,58.36788193244502
EC009420,32.11013763331019
EC009670,55.206036701879555
EC008226,60.62124998020126
EC008750,76.62250123416376
EC010748,41.76054674829633
EC010730,39.03605655746615
EC009299,28.987505616892417
EC009539,63.853160883582184
EC009513,59.601639094773304
EC009414,46.52360582963293
EC009922,96.81678194398232
EC009833,58.58257938146585
EC010389,50.04170210216398
EC010045,73.48389037057255
EC009848,52.640781311921344
EC009301,72.84780877056879
EC009707,19.24925995811283
EC008395,81.88734073373132
EC010461,52.70159067615701
EC008398,69.57666298318762
EC008980,35.727885538089396
EC008007,110.94501070815087
EC010188,69.08018748233627
EC010825,74.15240103639427
EC010096,34.83364751787248
EC009721,40.373074392919506
EC008346,75.26844015146594
EC009174,58.19203161392201
EC009913,49.120400930235235
EC008383,41.930106471380334
EC009789,106.5490263993458
EC010510,59.730344552613126
EC010201,31.53926834633645
EC008254,36.549382323732154
EC009713,42.14169617443535
EC009869,70.80826335286297
EC009845,51.20161643202108
EC009487,56.446184209935296
EC009556,70.67642885450294
EC009718,34.172704658657615
EC010721,55.528525731245225
EC010035,37.58267249950601
EC010782,65.8418522460956
EC008243,39.26721726915835
EC008230,46.00662844115736
EC010841,35.04065933425674
EC010741,60.54379661530202
EC008691,32.83534844126863
EC009168,31.8826682558967
EC009946,58.50668439076888
EC010244,38.18338452414358
EC009760,76.94623970820308
EC008617,43.16050875642432
EC008787,69.37505051971492
EC008678,60.73813458653304
EC010920,29.827463727748984
EC008065,35.003598314518584
EC008841,61.48765083092873
EC009050,85.01876032655709
EC009278,52.96295704965596
EC009236,29.2340372698915
EC009214,25.12073078754549
EC009542,67.66156274156941
EC009736,51.14746945131688
EC010716,17.301619624487966
EC009893,50.51035458005749
EC010265,26.61017583847364
EC009976,47.83668964299919
EC009528,68.66488541588447
EC010576,51.4154336650844
EC009485,54.68842950102062
EC009662,64.27324817487064
EC008461,23.153861739134392
EC010950,63.51119202688902
EC009813,54.03988567780266
EC008494,50.7381131151849
EC008637,50.57329035216986
EC008482,43.94087236885965
EC008401,40.767272928609735
EC010687,36.401220900147266
EC009981,66.54736125093771
EC010921,29.952450394288565
EC010288,52.85496904413883
EC010469,80.23987615664616
EC010548,51.63123921331831
EC008778,51.8290806528929
EC008281,27.60476985404536
EC010394,31.98424246670848
EC008553,73.80505377953568
EC008777,18.912194334419333
EC009814,65.55174478843117
EC009902,98.23536583392087
EC008949,75.90669915384723
EC010495,49.578264742487235
EC009912,31.863320068089735
EC010398,81.01543254427749
EC010230,67.50847018738345
EC010904,74.23250107503362
EC010021,41.54042804997473
EC008488,41.659494781729336
EC009134,44.98022098582454
EC008391,67.6743869098708
EC009122,53.726732695918635
EC010954,80.04157378177064
EC009314,56.023733793030885
EC009738,66.7319206581825
EC009536,34.38013966186739
EC010314,62.354161478209996
EC010857,35.92239589142947
EC010076,59.19657172714963
EC010334,74.60036738086242
EC010368,65.69733784351905
EC009899,45.447648788218785
EC009357,83.13665241107209
EC008378,75.66662625449834
EC010994,74.40107779435725
EC008370,56.25973195874177
EC010177,26.77321621427513
EC008058,67.49028987316937
EC009875,61.96520418222606
EC008422,55.88127440984999
EC010852,43.66811579755183
EC010654,54.448314817502876
EC010256,54.29451102960419
EC010195,70.57583806415015
EC009728,28.71873410870312
EC010939,52.546483894826245
EC009077,35.621019054895356
EC008849,38.12957941362943
EC009167,35.966618599333096
EC009002,38.33745969506316
EC008191,63.3873004842296
EC010529,60.94439999406828
EC008114,91.55800284864688
EC008635,39.9958199955849
EC008990,71.05037361977978
EC010861,65.62090795254944
EC010593,70.34956220858942
EC010403,64.26257147075063
EC009877,58.04550742551392
EC010320,50.76180366810763
EC010522,20.415359906134363
EC008386,84.14468979271228
EC010955,62.13749962425074
EC008945,60.5006334214986
EC010809,52.79631296592356
EC010023,91.41329339498196
EC009900,52.61387248072754
EC008653,94.75382998774852
EC010739,45.86861522786234
EC008499,72.41455288867984
EC010261,46.55178066905178
EC009398,25.667341071105643
EC009937,85.29116466096173
EC008013,28.73240971485996
EC010657,51.02931019891319
EC010579,79.36424328937161
EC008410,74.98376847763716
EC010344,92.25564964575094
EC010916,18.751983037960393
EC008043,94.87366049372773
EC009839,60.59709742534112
EC008186,53.265566090200764
EC008952,23.899621779790678
EC009675,91.75922412473514
EC008006,69.99980441526556
EC008495,53.46343069302239
EC009044,71.58193564876284
EC008836,34.85377403364874
EC008979,18.15901262545313
EC009411,55.52558549702161
EC010780,57.17504676842226
EC008732,51.7553097764401
EC010520,42.936440192695514
EC009911,43.831413271449364
EC008992,56.00268823919638
EC009012,114.64567594734913
EC009090,75.12346777891597
EC008687,31.400296385519123
EC008518,18.295805302821204
EC009082,56.23926398674397
EC008764,70.49835071332467
EC010545,57.54955039350199
EC008305,39.888952425614605
EC008347,37.548541968157494
EC010989,37.52860581896378
EC009246,99.09907596238067
EC009194,25.773485174049533
EC008206,23.662575512770818
EC008976,28.741422637955566
EC010413,40.96551555504644
EC009986,84.084571179169
EC009340,45.30550483670668
EC008595,76.2109793508712
EC010132,59.04316668608326
EC009969,66.07001313092753
EC009795,32.44953723977602
EC010553,35.534155183502875
EC009009,32.998514438149556
EC009081,69.91853429866407
EC010173,61.520822955155936
EC008402,42.64003379136407
EC010663,69.369300302188
EC009587,65.72773963813592
EC008807,50.18951608708942
EC010515,40.04911176689077
EC008393,43.902602941122424
EC008839,63.06363976399342
EC010399,71.31028802287494
EC009733,44.111751803802406
EC009979,47.08790167978344
EC008474,44.01659499909614
EC010605,36.05275426577546
EC009682,18.168280365580348
EC009209,77.56663693103512
EC010463,66.54716284262327
EC009478,65.20112492237391
EC008813,25.582851426299136
EC010010,48.26870137314821
EC008141,35.19117975598908
EC009132,82.96708464898211
EC010531,22.058223415682328
EC009000,30.855360426297338
EC008029,54.837876133810624
EC008666,76.48910573968314
EC010263,57.98361983152682
EC008207,72.45105872103807
EC010934,39.05601779387948
EC008187,67.56449871257246
EC008119,48.15752272489787
EC008734,33.46538154453361
EC008639,38.73486949029602
EC008176,67.27620421388283
EC008028,59.04168510400666
EC009693,57.77925146473781
EC010694,75.60884855737322
EC010912,65.47842896787853
EC008896,79.76594848986477
EC010590,21.265150907582687
EC009596,25.789156322720267
EC009222,55.82730649064304
EC009643,42.106720974594424
EC010026,66.59642415878538
EC008343,57.89083826993375
EC009742,32.83820383834591
EC008573,63.0692900886749
EC009171,66.30991518689346
EC010291,51.35350595237958
EC009385,63.14631960150949
EC010796,68.01711204387567
EC009730,46.32128620645208
EC010981,56.077034289976574
EC009907,35.33493479584982
EC008971,30.83281542961194
EC008928,62.50294619590704
EC008887,49.55929948985959
EC010020,82.72250106341794
EC009588,64.96163536722854
EC009381,86.2036702859187
EC008339,62.22609773643565
EC009458,51.939475609273416
EC008531,45.22094196272137
EC010723,63.13399659976375
EC008380,45.51504691811038
EC008026,24.52642976010254
EC009727,43.68592984905541
EC010404,38.370111761309346
EC008658,60.9318140306529
EC009989,70.12184575953216
EC008500,79.58259193800453
EC009243,53.01766413915374
EC010423,50.069938662737194
EC009971,67.0860750620583
EC010365,42.85795370721144
EC008965,50.81631739862978
EC008344,60.160930823416315
EC010165,36.29095098245508
EC008012,40.43339120025208
EC009987,88.71290228331256
EC009687,64.1584586521243
EC010240,52.53264554512052
EC010747,40.50777597510913
EC008910,43.03250378742854
EC008451,30.55304175462715
EC010791,52.24942859564707
EC008880,57.13811132630227
EC008710,65.74828968136214
EC008536,60.57481900951566
EC009140,93.39045069851326
EC009560,42.1248213190302
EC009257,28.96367479439374
EC008145,47.3841150697048
EC010738,20.589346579074466
EC009996,84.66331802022162
EC010073,47.93512600576014
EC010824,42.78317633366133
EC009437,89.46400691917447
EC009543,27.464687021520213
EC010060,67.65052824255031
EC008345,26.773320017090622
EC010363,30.92286841672685
EC010224,35.38787492680249
EC010698,44.607960851687594
EC008603,47.68058661953993
EC008077,37.2907182826666
EC010474,47.90139794793323
EC010540,102.13065152651805
EC008866,23.65958110472974
EC010121,70.46550216002773
EC008359,39.67846733664171
EC008324,47.5647626991449
EC008702,51.45311849320061
EC009544,43.18542786524661
EC008298,60.97514095044846
EC010521,25.55327115796408
EC008844,52.57274438477949
EC009504,42.692312422169024
EC010104,63.99300160288608
EC010980,55.377588761934184
EC010667,34.971667076834365
EC008496,33.822083459692934
EC009019,84.6607502144893
EC009518,49.637002914733394
EC009332,70.96310609492456
EC008636,74.7379255514406
EC008320,61.12908164233959
EC010534,33.19730871540315
EC008300,40.159155968572676
EC009977,26.778931030025337
EC009453,58.62657179440462
EC010175,58.07381799869353
EC009750,110.73130679701586
EC009919,39.00471053477792
EC009383,52.11854426096757
EC008237,72.7600915308656
EC010528,54.270404139628994
EC010300,46.495074029991926
EC008411,84.01893599960448
EC009598,27.907884342845133
EC008351,82.42407015924343
EC010640,35.801064055172766
EC008121,38.289727913642466
EC010420,45.533103047365344
EC010102,61.519414740280496
EC010197,62.531207868245986
EC008484,45.06086298586257
EC008108,64.85150056919485
EC009256,70.11168967914591
EC009074,43.46737128632574
EC010819,65.4363199070971
EC008525,46.16030664149339
EC010745,68.91124384262206
EC009477,84.91526432294572
EC008250,21.549716708032584
EC008611,54.26203882976993
EC010054,86.0468712744195
EC008266,35.79882400634894
EC009308,69.47696523801075
EC010037,50.57411762185901
EC010765,34.02434045156981
EC009904,60.30712232039869
EC008428,51.459440624762934
EC008675,67.12725442400578
EC008913,72.11192769675458
EC009515,47.5216841600607
EC008208,55.49053810908446
EC008749,48.43131169438494
EC008655,41.68425443612527
EC009001,41.92554466678743
EC010147,35.036053993591935
EC008541,76.59372515844608
EC010509,33.3173062725018
EC008576,22.83498761000875
EC008331,37.796948681641254
EC010546,61.45962938829915
EC009649,29.76038766894605
EC009275,63.52660219919864
EC010226,56.361870946622886
EC009968,68.08195487571714
EC008729,48.70662732198441
EC009188,31.292009475183335
EC009571,43.30141049750611
EC010702,51.937967403718744
EC008955,53.881881230665236
EC010569,46.95954692175514
EC009883,51.34023970874165
EC009861,61.134726961696984
EC009576,58.40765561728243
EC009618,48.46085521699336
EC008847,59.32307737427318
EC009855,64.88330770926777
EC010402,24.187420527753964
EC009160,76.6854608463134
EC009022,96.4278207133897
EC009205,40.75870258437008
EC010610,47.926509869617014
EC010675,77.36465868627394
EC009138,94.17901761538114
EC008468,45.23884756513631
EC009404,94.63804285330338
EC010167,25.952943361679576
EC010900,87.15375728399462
EC008140,51.167513705720324
EC009452,58.605915049334925
EC010396,31.342854357483777
EC010254,25.728781117442583
EC010434,58.22549249442584
EC008097,57.870863264051025
EC009337,27.66764211532854
EC009382,59.74275566163693
EC008251,67.01014596883874
EC008772,50.18679299432223
EC009087,62.7521488257087
EC010140,66.25540586324988
EC010438,81.00607265502322
EC010933,75.55374591820333
EC010853,85.87154743194888
EC010683,52.06533890378175
EC010970,32.72652657485662
EC010767,88.3915785120804
EC008418,69.636844433823
EC009241,90.39250763760107
EC010631,46.56109043101335
EC010043,43.77845949705488
EC009669,94.20939316876246
EC009884,81.11186208485367
EC010732,90.11286936893694
EC008466,30.299544082473954
EC008512,49.977150668276245
EC009389,66.68778240999163
EC010108,83.99399129379707
EC010384,33.46784461139795
EC010190,55.804707216238334
EC009298,82.68156527139857
EC009633,67.98998638932517
EC010050,63.22276224827845
EC009457,29.07454370953818
EC008706,53.51423084933337
EC009958,46.51696298702842
EC008823,75.3052984912816
EC008751,65.74439523826243
EC008583,99.54688600625008
EC009529,85.37296856193144
EC010292,37.729972595557506
EC010898,97.30564366363555
EC010838,67.0008579987603
EC010974,51.527399678390395
EC009716,65.85718399428724
EC008048,50.349220199721714
EC008067,23.006549022817072
EC008677,79.80695187991773
EC008307,42.12085890767526
EC008338,29.027124434973068
EC010153,63.18932940505522
EC010783,41.829314047250165
EC008685,66.06137328765709
EC008229,65.56908618027924
EC008135,73.80874540876889
EC009025,54.813196714169905
EC009228,24.73583560430119
EC009223,36.32433989909037
EC008285,20.605914427235906
EC010205,44.03657915640963
EC009182,30.004707648814513
EC009740,107.06181795089206
EC008353,18.808304477419668
EC010518,81.0204917119716
EC008268,62.59227149686447
EC010264,56.71486242507473
EC010036,47.44079241509235
EC010208,59.86319973059969
EC008332,70.67427673621746
EC009139,82.77940219253342
EC010724,116.44041009743633
EC010465,55.000509033896414
EC010471,35.69201313399704
EC008717,37.481559814279976
EC008505,23.38385123296109
EC010855,46.85018858683409
EC010890,60.355063438371765
EC010895,38.128997697628215
EC008476,72.00772470725522
EC008510,52.98575521371178
EC010851,24.53973481030593
EC008731,52.21995141395445
EC009401,62.0606092850846
EC009685,59.246799398250985
EC010909,64.52496658724637
EC009070,44.60306534476086
EC010928,71.17825427890969
EC010676,46.250326920375265
EC009779,64.13757586220312
EC008138,47.94863214909081
EC010625,44.03104345437576
EC009394,63.56921879796353
EC010166,52.49539693251374
EC009862,27.208587214625222
EC010094,35.315309400283624
EC009524,35.48604581194453
EC010144,64.47541109859313
EC010168,44.16305832081223
EC008262,55.362126425431974
EC009465,115.06207717207499
EC010303,45.84422327810555
EC010362,53.16926133790109
EC009277,65.3119797605282
EC008519,56.57944131489273
EC010689,45.182783815625626
EC009393,100.72382363016803
EC008293,22.450242158041895
EC010490,51.221881672576636
EC010564,54.240457751254354
EC010779,81.12431999464512
EC010848,60.636099328264294
EC009349,64.57716104061869
EC009029,35.33062391901241
EC010202,79.29185675831818
EC010763,63.46839026227998
EC010881,46.961479026518816
EC010849,41.92755488330488
EC010649,34.13766227840979
EC009992,32.066878178864535
EC009823,47.404156269683256
EC009927,26.815526973754928
EC008027,25.037140638722683
EC008854,56.25769432552029
EC008030,61.83728866566747
EC008586,70.50859967562991
EC010377,59.06394353436447
EC008426,59.209275071306266
EC008033,73.8857464722312
EC008181,68.50815052092406
EC009585,59.32557931060433
EC008659,50.5103927564131
EC010163,52.48942043873048
EC008801,54.56303113848361
EC008608,33.59319520522331
EC008443,82.06344165771837
EC009748,41.64803268191744
EC008257,23.209698161050063
EC009331,43.51188670067132
EC008956,28.505194312575515
EC008668,62.43972082220229
EC009161,20.74174100094352
EC010112,41.53166142281239
EC009757,71.01404067780308
EC010319,30.11306122279983
EC009778,54.05117418352873
EC009175,58.68568516656505
EC009793,37.634837913169015
EC010600,63.77506955884258
EC008463,30.29379959247409
EC008657,55.195600754170066
EC010114,45.74807757377931
EC009482,63.61880729245968
EC010661,35.78418511320671
EC008991,34.83903467562719
EC009042,84.50772494459645
EC008969,57.34121641543641
EC010801,57.90678422639534
EC008542,50.025997111466715
EC008239,32.517081763346965
EC009857,34.41350883499295
EC009481,69.85859001411879
EC010931,71.49368585979877
EC010444,87.87535535975007
EC008095,79.10076312653348
EC010673,62.718668515416375
EC010234,91.47205496970085
EC010236,48.41099594085054
EC009276,32.552878046128754
EC010753,60.66202354095523
EC010652,22.50906687998328
EC010743,45.659257248365975
EC008701,80.793604696876
EC009916,66.32838471757918
EC010401,35.3846230345737
EC010327,73.489856300293
EC009231,82.54694971615754
EC008614,44.461516480296105
EC009879,46.302625237334205
EC010061,20.69639367860098
EC009920,27.40212990524015
EC010952,33.70159595064205
EC009323,48.73397929692658
EC010330,48.24614877824562
EC008643,83.67962044597066
EC009269,43.42993879746372
EC010251,61.002452502973185
EC010053,73.82274382918216
EC008631,52.141571253230154
EC009235,86.75610994348936
EC009368,25.42974090304358
EC010084,29.621844443146202
EC009479,25.980171088940338
EC008797,55.333931547372664
EC010965,61.534840076609306
EC008248,21.845613001756426
EC010658,68.39992539954407
EC008914,22.898749837499746
EC010477,39.70759671827635
EC008093,36.6439412160419
EC009677,51.87960830259425
EC008258,83.81671175192764
EC008757,47.10860310714462
EC008582,59.76145872061593
EC010024,62.54943619283611
EC008234,60.16863394523751
EC010262,46.93463217558541
EC010393,42.43640834149682
EC008335,57.7044870561363
EC010266,66.69821113778121
EC009573,94.11114349275512
EC008329,105.16303996528315
EC008312,51.25061962990527
EC008997,53.64242715656611
EC008682,75.56084285665834
EC010359,49.07394295341919
EC008722,62.2057213446147
EC010231,45.86057067380567
EC009645,49.545681037348885
EC008357,116.12189866392012
EC010897,48.30128232402561
EC010526,72.59058692088362
EC009146,53.27330989262443
EC010664,38.43571499460873
EC008429,56.56817065252594
EC008676,105.27631291048581
EC010443,42.20283122790961
EC009801,69.26575978151337
EC008961,44.41227706735439
EC009749,72.40999953041911
EC009978,75.82959970946006
EC008727,83.276921565817
EC010031,43.26347034363631
EC008626,45.613510925541846
EC009438,74.70615099901897
EC008382,70.54324141030762
EC009799,82.26903476204036
EC008552,49.38167761590096
EC010678,76.85787441329866
EC009216,56.74706015136868
EC009559,48.539081231612144
EC010958,35.41404516605436
EC010016,48.525315403163575
EC010055,47.28564664017378
EC010219,52.703140451101035
EC009936,42.0464444869993
EC009238,70.951875951873
EC009508,60.876057117978796
EC008128,28.305420501544663
EC009386,75.35008703930906
EC008925,29.416314254624908
EC008786,46.78396326865076
EC008943,44.34975539696879
EC008441,17.349654102158567
EC008377,43.75877103952618
EC010089,67.97906976093954
EC008878,58.42206927376408
EC010666,34.64231515945522
EC008860,71.44075009882448
EC008857,66.90020899534981
EC010737,52.19511830907737
EC008134,67.85423121697326
EC009270,35.2437198360793
EC009932,80.11954815374915
EC008302,79.70868174328497
EC008577,21.009057695404305
EC009334,77.04363884347916
EC008792,34.2084712517168
EC009847,37.7116298739022
EC008478,70.8007369858949
EC010828,21.28363734510803
EC010446,46.28370596278181
EC010216,76.89133699751753
EC009325,59.084310266873786
EC008403,57.861745177124874
EC008741,64.386009253768
EC009242,44.26030302175509
EC009759,50.71246391289819
EC010342,62.88045145280072
EC010022,60.44994442177129
EC010497,69.41147144937734
EC009503,39.00925512111388
EC009758,107.81041372107245
EC009626,39.78113505293584
EC009327,50.97461889155767
EC008692,40.57839146486202
EC010951,25.142070098612404
EC008295,33.23721312481172
EC009063,29.554451308430934
EC008981,77.85705875510591
EC008540,69.3360494662983
EC009775,78.42058638269971
EC009120,62.53287549464967
EC008358,59.76556147501909
EC010713,50.77714185388099
EC009895,21.599327007696974
EC008454,79.0139827033074
EC008853,73.20092937464979
EC010499,68.27588312673979
EC008936,22.727621898109334
EC009526,62.57909857106291
EC010025,29.802964249948268
EC008638,43.78047324299975
EC008436,22.08407578892058
EC010726,62.29200530772774
EC010295,41.112800086058684
EC008547,76.92235438813185
EC008870,28.123581337140607
EC010122,95.77224487218871
EC010260,60.851026833441914
EC008309,67.52034310026443
EC008158,84.72675859487896
EC010506,20.147829602434285
EC010636,52.49985793546292
EC010995,123.97666297993064
EC009856,46.49803654845655
EC010788,68.39748695321227
EC010318,25.610510451639925
EC009500,84.4802603659827
EC008160,70.03019299864054
EC010976,14.450380177060053
EC010247,50.637647185717555
EC009094,38.08146437849237
EC009935,36.55028064479233
EC008489,74.4179853108142
EC010775,40.28190946255626
EC009239,42.05194357621616
EC010460,57.35729122104449
EC010717,55.080823158318466
EC010493,51.22296953140633
EC009172,45.527507556096516
EC008498,28.23320750751435
EC010409,24.378102240240157
EC008041,34.841727883283184
EC009230,36.16488960719693
EC010535,96.42251978962071
EC010452,41.26197402431853
EC010907,55.636307654312795
EC010432,44.72716677663978
EC010346,60.749498369081515
EC009028,49.02564318813195
EC008057,56.55476524019785
EC009680,60.5550748792618
EC009375,84.81418602904591
EC009390,78.0709534182884
EC009612,44.75191198789838
EC010044,23.93439996517814
EC009665,42.701069520945985
EC008507,61.0765708518535
EC009114,34.51034228538931
EC009853,51.268266024833906
EC009608,48.92113739559968
EC010109,100.12148351575439
EC008859,95.3183243247081
EC009908,78.61541576043949
EC010869,40.814178974145804
EC008977,55.32596386904863
EC008047,51.31951123704626
EC009017,67.62712785052419
EC008364,40.37653784665469
EC009011,27.837342692867608
EC008118,51.48855002139984
EC008085,63.077387656351405
EC010660,89.63928801060118
EC008607,62.73563777367967
EC008392,60.68731811380253
EC010388,43.635971804870515
EC008650,26.326856183844914
EC010078,50.95202005843559
EC010273,31.080196438383037
EC010135,65.0808966134674
EC008326,30.4120642730346
EC010860,69.87174996117645
EC008227,61.214766928737916
EC010077,30.591866369264824
EC009731,110.9131692434218
EC009018,64.82796552606403
EC009008,49.92939676728885
EC008117,71.60995254833635
EC009517,36.82437041596709
EC008449,19.413248159195177
EC010971,65.02029986851116
EC009784,38.87212196528043
EC009005,68.25899439622472
EC008294,45.71793022684156
EC009836,76.9961030560807
EC010757,36.3124124375839
EC010392,51.96725988275622
EC010755,89.36753158149085
EC010556,18.59640590929031
EC009520,41.48575898522676
EC008580,106.99920230057919
EC008831,43.022222086048615
EC009055,39.41059066596112
EC010889,39.25116021196082
EC008142,46.18321801837364
EC009944,87.85884900453921
EC008040,62.66813156879705
EC008524,65.24353921017016
EC008842,38.55826844512165
EC008906,48.87725364035652
EC010259,65.94769203830339
EC008620,47.73150020930075
EC010565,75.41989154613509
EC009201,32.16886856466316
EC009672,20.656444406870616
EC008438,26.194397206400847
EC009144,44.77647402044949
EC009202,58.31082089184227
EC009918,37.927591177197385
EC010503,104.04079918533003
EC009607,61.70739902675913
EC010126,60.37486487765307
EC008545,48.65806290218688
EC009336,63.01621919845843
EC008970,39.64556802118145
EC009083,66.9329641601723
EC010977,42.33182977807426
EC008154,126.5746313936598
EC010911,32.22397104498511
EC010289,74.73965843104912
EC008832,53.11887909743019
EC008828,45.08109602748904
EC010953,55.380283820669135
EC010488,40.89557889959441
EC010680,30.121864031428927
EC008039,36.84994728510325
EC008550,69.44676495510323
EC009889,30.436503159800218
EC009545,49.59757038027594
EC008143,53.293171418029914
EC010884,90.16610158786972
EC008633,24.93117040520026
EC008328,55.94616954217422
EC008031,59.545988359009414
EC008783,79.07175427019057
EC008087,45.89376976992008
EC009006,32.096914012513125
EC009388,61.7093520219619
EC008775,79.8965239739172
EC009812,30.55687205541679
EC009948,62.66579072839302
EC009474,40.97459226213167
EC010058,65.71126347667612
EC010063,116.51013417417255
EC010893,31.138864704591327
EC010538,32.65398850374599
EC009970,83.88896230402068
EC010356,43.95302740515004
EC008838,72.12712696441442
EC010150,54.02553174431937
EC009854,74.08075348271528
EC010111,48.441502950711005
EC008195,70.61738776210052
EC008589,34.83260349033789
EC008516,87.67665518642985
EC010041,65.93591201272999
EC010468,26.462766998114013
EC009689,50.2033998369766
EC009158,57.920186325442145
EC008845,52.28563727032132
EC008379,99.6072307307598
EC008592,56.401429001411586
EC010012,29.345169129804333
EC010832,32.44798851157877
EC010984,36.97703215244703
EC009321,61.770166982736136
EC010864,46.766177543992725
EC009955,40.236303870239496
EC010125,43.059523342424285
EC008356,48.78756486472924
EC009868,20.86958266984233
EC010821,45.41830236711918
EC010725,53.04992916638474
EC010134,24.27428185601957
EC010670,62.84382234549775
EC010095,50.08109693863071
EC010627,68.6687160543452
EC010671,44.29443680529424
EC009860,41.68210819468363
EC009660,70.2996214323562
EC009119,18.554808647566396
EC008389,85.17257812927133
EC008276,78.63743056435231
EC008793,69.76433950047587
EC008975,62.60386599077251
EC008885,77.62414438653
EC009351,63.2346770755764
EC008115,44.76971657082095
EC010378,49.136058277260126
EC010046,44.5341511891202
EC008267,65.79740481384154
EC008652,40.27125030416201
EC010437,41.76036644586447
EC010797,40.41057705664643
EC010311,24.39054051729164
EC008178,57.00871845854185
EC008171,49.31280560806849
EC008947,46.83295058853592
EC008559,42.81865446918623
EC009637,77.3286259203427
EC010637,43.893050909743714
EC008109,57.117045481103844
EC008136,51.334500698212885
EC010316,50.69524785563513
EC010647,54.49082237384027
EC010080,28.427695427216584
EC009355,39.560242230159034
EC009832,29.338667085119525
EC008101,56.9228438089275
EC010312,76.19171001684705
EC008766,53.21546606568235
EC009266,27.751309070338603
EC008479,16.178730913635658
EC009211,28.077511084622166
EC009563,29.824120835817457
EC009232,66.13679885133612
EC008017,62.25798143319138
EC008304,43.29882701786556
EC009702,48.19000206446986
EC008299,73.27066349144613
EC010740,44.84455363464495
EC009659,49.380325743291294
EC008933,58.58481624577715
EC008648,83.21437716973503
EC010340,49.581725578007905
EC008014,38.51351764458751
EC010903,47.63475533648253
EC008164,68.15883562123749
EC009373,58.13980328991311
EC009154,68.71175010446483
EC009467,60.507401621654616
EC009655,62.75492120516916
EC009867,48.06186024926704
EC008789,56.91938178671424
EC009729,50.39356159071184
EC009666,59.14329051059799
EC008433,37.81581368411616
EC009809,52.787948713869106
EC009829,27.244948812537437
EC009772,64.78769956111262
EC010456,93.97914490760849
EC008672,79.07901507193094
EC010462,17.465444625176005
EC009291,66.43132466333275
EC010415,23.979872486617168
EC010357,75.71543807115866
EC009985,66.38221954120127
EC008453,59.97312021003094
EC009305,28.435116231832097
EC010005,77.61154614574647
EC009999,40.542986725617624
EC008760,20.162115521286218
EC008064,88.85644569072392
EC009882,67.94215099357417
EC009221,70.27441958441219
EC010090,47.35229615787929
EC008544,71.16818805457544
EC008773,29.060721094479177
EC009864,67.77223761126062
EC008922,79.94336611978444
EC008532,42.370731438119755
EC008735,66.92465690096921
EC008715,45.16526872893214
EC009429,24.56895043348148
EC010972,50.09596559773421
EC008816,53.02902469929472
EC008099,54.21719601186148
EC008333,49.9339727560951
EC008850,84.25822033012332
EC008967,47.07716815501041
EC008972,77.15304171762662
EC008315,71.21799057053968
EC010720,129.83331007188403
EC010480,23.91117527314011
EC010274,38.71788753076535
EC009040,48.63468329919975
EC010039,60.436656363726144
EC008503,53.35408192118916
EC010136,94.78136324599215
EC008289,34.199415558490784
EC009834,97.75739109527133
EC008974,29.585407746021474
EC010106,19.5125855394678
EC008100,54.7623757882881
EC009345,51.76839394879935
EC010139,34.46424736295084
EC008188,21.286670467329568
EC009026,74.21169330625669
EC010141,59.628599953320375
EC009173,57.86103362326503
EC009424,63.93434543100363
EC008219,53.788706157855714
EC010688,69.24780378507025
EC009113,64.81381244537242
EC010901,38.07876893245578
EC010899,21.964363027106558
EC008848,28.392312166996945
EC010286,26.296083889322574
EC009180,76.3011762466947
EC010578,36.093869067226585
EC009295,88.0359334565004
EC008926,28.938089078580315
EC009632,46.500376048943096
EC010093,38.22698594856505
EC008779,29.528600514699782
EC008565,72.20870489201093
EC009639,40.39349191675569
EC009683,40.208736798905974
EC009419,53.333330882149895
EC008987,73.82585235290033
EC010979,66.12308423350281
EC009998,28.656134292486
EC009514,17.910520300399895
EC010614,45.71305324914967
EC010072,59.42366923783557
EC010169,50.355901403233666
EC009494,37.15355505532871
EC008593,61.35359806507024
EC009480,58.991206630042
EC010424,21.269227611259204
EC008649,35.8580006627703
EC008216,77.96753575902714
EC009940,55.11891112860107
EC009821,30.642249931918055
EC008810,70.01203562722057
EC008198,22.76305060261814
EC009038,54.60413713094478
EC008423,103.18525570040265
EC010662,25.003247715509154
EC009753,49.56794696083166
EC008719,68.4720700389289
EC010630,71.81625645151301
EC009961,54.4846261494772
EC009051,45.00318734559078
EC010561,84.12939605787325
EC010563,66.00625411698582
EC010769,43.01887456434137
EC008050,45.33087533178441
EC009303,62.45883367419574
EC009630,44.83436797053582
EC009118,63.32144535830835
EC009767,49.333743934091295
EC009502,48.9491776306972
EC009794,55.88148367749321
EC009653,51.69892590671787
EC008562,48.73054357117627
EC009599,52.650713760131
EC010221,48.79510296182113
EC008244,58.177122836066474
EC009557,58.81614049013384
EC008782,74.66621465358537
EC009443,81.78300919926971
EC010304,36.7157653269197
EC008656,113.19023395610606
EC010213,115.79535518442601
EC009641,70.58416693900418
EC008604,77.25567673830318
EC010148,32.08500379538889
EC008434,18.617591929906737
EC008081,103.09207202812567
EC008951,68.87779543499506
EC008084,72.42603482299332
EC008222,44.533019999831566
EC010152,72.78180806243469
EC009817,58.58373192458779
EC008173,49.73119917573408
EC008968,61.19448551381326
EC010948,51.08249402121108
EC008116,81.8326230800278
EC009533,46.27054393982499
EC010088,48.93059849451181
EC009408,50.80305393990264
EC009376,51.090457157067235
EC009193,76.58615567317916
EC010355,26.05145750111006
EC009797,63.27412777796182
EC008686,39.300291160787076
EC008269,23.156219307011384
EC008982,61.658296564873936
EC008746,55.774661729373975
EC008513,55.03016975927481
EC008374,39.937678699661085
EC010582,66.57144488156572
EC010249,23.20985191735605
EC009547,75.51149147686847
EC008601,62.45797867091218
EC009023,47.88168721272638
EC010560,38.23083182267844
EC008993,50.772842535233984
EC008311,98.84560640006967
EC010845,21.370793876874735
EC008009,59.111559108732884
EC009248,49.431783547968834
EC009620,17.155650822608216
EC008113,18.339044670966828
EC009486,53.334546340919466
EC008224,58.80929594318259
EC009878,71.28638236783819
EC008175,26.460477167725386
EC008054,28.137784088625427
EC009575,99.93781889558764
EC010542,32.145038885189265
EC009679,23.20613563122987
EC010759,40.17961910026195
EC010629,89.83802652488686
EC010390,40.49060969432878
EC008999,29.422170579208068
EC010668,28.614332243500787
EC009938,58.95173679171919
EC010483,67.45967883114014
EC009030,70.16304168631613
EC010850,49.58173401670729
EC008986,88.07507822960278
EC010091,72.38791282174022
EC008535,45.283174770600034
EC010457,38.00753111860321
EC009417,44.43283562394648
EC010910,42.99363948644995
EC008795,26.82607984925549
EC010525,74.61093323868364
EC009127,62.11501577377415
EC009723,74.01693487372165
EC009678,37.79677553440867
EC008061,46.956339767791874
EC009983,33.63279746532558
EC010092,66.46645118082492
EC009582,46.39741388404617
EC009531,65.90908496791036
EC010082,22.0237282795017
EC009622,69.40637258563233
EC008912,45.155699715732844
EC009965,58.423421871186015
EC010229,55.999733772173585
EC009313,76.93914758411292
EC009080,35.526269746109584
EC008724,15.677234962977396
EC009106,56.469587072784336
EC009280,70.68246439986308
EC008730,30.22068842690623
EC009714,108.08490469886051
EC010810,46.19757146509028
EC008280,101.15264846848302
EC010847,19.525952983027686
EC008714,62.84098545314526
EC010770,41.42505865759116
EC008642,32.369162256125506
EC008260,32.207311480502575
EC009569,54.340408692916824
EC008984,61.74299495735294
EC008568,37.67019978950037
EC009991,33.821061678367535
EC009033,57.90026114089468
EC009617,34.336460162417055
EC010750,43.09044636788092
EC008342,68.7501589270309
EC009579,67.65480993157416
EC009358,86.42936221853256
EC010276,43.588389214554304
EC010760,51.87650981174386
EC008835,75.20997549569995
EC008120,69.1216506723712
EC009304,49.61492231148599
EC009400,51.136861481428454
EC008322,21.937917421521554
EC010693,34.437786996774506
EC009226,66.0130242537664
EC008894,55.40087006891698
EC010734,31.427643758403853
EC009189,20.670088721294412
EC009255,45.1992694555542
EC010317,56.362802445813635
EC009843,67.34258747048553
EC009126,29.357563892472957
EC008472,45.37451155823898
EC009914,50.409147169226664
EC010322,45.458786190685174
EC008233,55.36019691774743
EC008282,46.322516091866575
EC010674,24.583233866696425
EC009724,77.90194105975976
EC010749,66.89708940763957
EC009159,29.293646783948343
EC010200,79.47896994384917
EC008829,63.1594751938277
EC010966,53.404829862938996
EC010323,48.09523774155831
EC009762,45.58376282652283
EC010482,92.84861992758104
EC010811,50.40305633783521
EC010581,28.84836304917701
EC009289,68.61696118542238
EC010315,68.88776274827086
EC010914,72.90805218784742
EC010279,38.10978348302534
EC008223,39.265741978642154
EC010120,49.74950289962485
EC008111,69.23181701582783
EC009374,75.64070808004757
EC010588,56.76486976333206
EC010733,30.866621492989566
EC009428,53.68140839478502
EC010537,39.3633820246076
EC008820,69.01964728492365
EC008587,34.48295047423069
EC009674,54.41338217161517
EC010514,77.75906645359372
EC008937,36.180818312661465
EC008275,58.835317857427306
EC010575,100.83558842291714
EC009806,67.6837134921469
EC009292,74.5018004420049
EC009697,19.648486537794675
EC009535,43.188237740451186
EC010840,27.93893496209387
EC009497,71.68841147722998
EC010187,86.96222231469508
EC009994,73.42059717159694
EC010592,45.9688442130445
EC009115,83.8599966902101
EC010648,45.01121227906154
EC009629,23.82491160334876
EC010269,41.86633842243903
EC008834,50.9224915069698
EC010833,68.28434133462487
EC009615,75.72662950005173
EC008548,61.954909030137
EC008397,40.32768595694055
EC010700,22.340690601734103
EC008871,49.65488559104051
EC010007,61.287150123851376
EC010308,45.25338185290299
EC008833,67.80039194208584
EC010639,47.065360085173
EC010803,89.83597796565476
EC010209,64.3752786868447
EC010349,79.41009913287068
EC008506,49.130636514033384
EC010253,31.127044281885908
EC008038,20.291650062924532
EC008103,30.73452720345218
EC009835,48.03565050580208
EC009059,34.286682850119476
EC008964,19.758672057080382
EC010459,42.4014923800799
EC009184,46.79513808281932
EC010445,65.39215218180834
EC010892,61.05224252700465
EC009512,20.989704329554296
EC008939,50.025419085453194
EC010686,44.653139552793036
EC008215,18.367297984986998
EC009492,43.6774683970646
EC010985,52.518785310838076
EC010110,50.40921373902087
EC008737,49.58253825916221
EC010410,54.19762182512518
EC008450,59.60516727324025
EC008166,41.736575778582974
EC010820,58.10908640574212
EC010778,48.36783491108811
EC008561,70.68290515657462
EC009763,27.137788833441235
EC010383,54.844957916357416
EC008563,41.92695384541138
EC008802,33.32953880159505
EC010731,42.92524016329197
EC009181,44.36894593869388
EC008698,66.27265902154747
EC008703,22.344954343012684
EC008929,48.92007788940871
EC009136,62.69108488806057
EC010530,82.26280887629932
EC009846,112.0517318231397
EC009282,116.33413695227469
EC008110,34.3670022478955
EC009297,60.52645676629904
EC010998,47.419479272147555
EC009574,48.21906403327327
EC009549,66.70395684402929
EC008367,31.176431113600984
EC010358,21.004615727262678
EC008861,66.47516609876102
EC009934,52.04049876001016
EC010815,75.50974402313986
EC010032,60.85947272439492
EC008852,43.06808371316766
EC009004,20.803731039871714
EC009147,53.479654813037484
EC010701,97.07472669615967
EC010006,50.473125996824876
EC010149,27.831435872566882
EC008352,75.9451481264081
EC009822,66.07576025575754
EC010431,78.16854228197636
EC008796,25.0919487015184
EC009837,55.66345005310309
EC009237,40.94810278262688
EC009901,118.63428998032472
EC010650,88.30725005473312
EC010645,79.5771364365495
EC010059,55.78918075803904
EC008528,21.754800081599033
EC010364,65.52882764905215
EC009605,29.832453507061107
EC009684,32.60389951558267
EC009505,107.85297299099278
EC010408,22.748922426348457
EC010993,58.45580150639946
EC009156,39.109022823291696
EC010159,42.49097792797342
EC008978,71.70826727586503
EC008306,63.76946194480385
EC009974,42.08745186108293
EC008204,82.6968717689301
EC010196,42.72433181152693
EC009091,66.98899052401651
EC009427,102.50406915628474
EC008497,95.29030468260156
EC010000,44.84892799821664
EC008502,41.04760585876075
EC010823,78.82136021502079
EC010589,44.80863845565557
EC010466,19.383692771141558
EC009095,52.62612709526141
EC009554,61.61332098624016
EC010638,54.891814493141666
EC009719,54.07937651209954
EC009844,52.78494271826946
EC009858,67.59146106446676
EC008284,70.69055117994307
EC008290,57.57822880780897
EC008712,77.3506600853692
EC009416,46.69244203829096
EC009434,21.52727231777291
EC008447,59.873183440853175
EC010798,80.29854292189353
EC009640,28.582196949713115
EC009761,35.424806013202
EC010523,34.26450834391609
EC010773,50.68325398815618
EC008883,60.397148881307615
EC009272,28.366674450409548
EC010992,39.35239116389124
EC010028,29.226083519453688
EC010450,46.77905132815624
EC009100,70.53585438426785
EC008146,66.8618412383204
EC008907,59.65139471318062
EC008210,60.62573928133585
EC010369,64.52216790379731
EC008776,27.433236113803407
EC008791,29.583858959943072
EC009053,66.08855542423417
EC008459,60.13844366690293
EC010272,59.74397599484137
EC009046,59.938088992900745
EC008396,83.01402999406682
EC009464,69.53577178870665
EC010894,49.661497681266
EC009036,25.5638759964044
EC009108,49.1959694808217
EC009145,50.2066229845106
EC009540,52.86134040068249
EC008891,64.38697131941294
EC008412,37.38352823001924
EC009107,38.33679270063519
EC008044,60.85406179040653
EC008645,60.867669129500186
EC008470,45.777982835963606
EC008690,46.165230563804805
EC010030,40.83175380009927
EC008862,63.604964662651504
EC009245,35.639949680065314
EC010712,66.39997694341483
EC009016,81.7281301670552
EC008877,37.42346828314446
EC008923,61.83966302423831
EC009048,57.03639818906055
EC009611,18.808401740979257
EC009764,44.641433980037334
EC010681,34.000962515536976
EC009116,59.93198342791962
EC008034,64.06864018339189
EC010574,47.044469871118814
EC009831,52.05020842690268
EC009951,27.392425075866484
EC008872,30.81412084632759
EC009658,38.99825613295041
EC008408,52.973571413883576
EC010097,59.23426397370564
EC009343,58.055548692507315
EC008780,67.87752528713517
EC010086,44.71898709789151
EC010501,47.51889635540753
EC009213,63.847763776535814
EC009268,32.47831313491453
EC009584,87.52973570272844
EC010635,47.78473994679686
EC010776,79.57936068483781
EC010672,43.48226677449952
EC008634,38.61921973568457
EC009885,19.52589239598426
EC010524,50.04540734024386
EC008323,113.8368355143266
EC009562,71.43181442790433
EC009071,45.54366501128618
EC010079,86.64012762029316
EC010248,70.45085660881666
EC008705,101.56346505034674
EC008875,61.940711967668534
EC009717,34.14942729589585
EC009258,125.52485752074739
EC009293,81.8547703405325
EC010433,71.91706585338858
EC010960,74.42387854891373
EC008869,37.96305033267595
EC009735,68.48279421324074
EC008365,47.359037620556265
EC009954,59.01988421074864
EC008616,56.381446782426835
EC008680,20.443831222261537
EC010009,56.96027671636457
EC010929,48.117652597596916
EC010085,51.96915447398552
EC008079,41.88146374505012
EC010532,32.76697522509345
EC008794,45.63384850633844
EC008584,38.0571340388061
EC009253,71.65026715939656
EC008800,24.832448612252776
EC010699,32.792420278989
EC009521,41.30882266496353
EC010624,133.4190420744302
EC010692,32.656937234600875
EC010154,27.477207153144306
EC009766,40.78518482974012
EC010925,56.40077516284623
EC009910,49.90555395568952
EC009267,67.44489629063456
EC008124,43.154052329080486
EC010816,59.681346967793665
EC010585,55.447671932044884
EC008988,54.840341062842484
EC009045,22.611191811243586
EC009790,32.86342450441917
EC008523,76.06374658549164
EC008567,35.92725619992893
EC010555,39.85295746825597
EC009010,43.74062254716697
EC009264,32.040160235293314
EC008588,66.21986200543111
EC009962,56.19853706037067
EC009507,85.55774431975632
EC010917,66.9716083888903
EC010551,69.80153838915939
EC009745,67.19375243361856
EC008189,23.063665666664903
EC009627,45.20157468422271
EC010891,70.45327545944245
EC008264,77.66461362532034
EC010591,73.7038075784505
EC008858,51.594683345905935
EC008247,68.07262792744564
EC008036,23.66764243483459
EC010831,50.461459952392865
EC008739,84.15696579660049
EC008308,63.80198970971272
EC010400,62.30429369148058
EC010193,59.25806180443704
EC009240,74.12893859368049
EC010943,43.975839750536295
EC008279,43.762805384440306
EC010057,32.04927129948422
EC008310,22.41333406099214
EC008696,63.803136685361665
EC009776,48.680929643390975
EC010380,85.92966078821696
EC009959,55.822065856475525
EC009710,40.02167250851447
EC010069,64.09426295156725
EC008647,72.1536702036149
EC008080,44.34939763702343
EC009628,71.38735158913963
EC010225,31.00353818793394
EC010632,52.9796386661386
EC010047,56.50690188460127
EC010001,33.12129385922085
EC008574,120.26623696920534
EC008571,27.008994562266157
EC010937,70.42874229363443
EC008020,86.57578142263927
EC010735,36.56828403600723
EC009096,53.36972627379569
EC009220,43.066810293889006
EC010517,48.88853712178089
EC008163,70.57901575282405
EC008053,109.7207293583709
EC009402,51.144392437156995
EC008884,50.871093928031215
EC010158,52.51058312909012
EC010962,52.257079437290585
EC010587,31.76232247107869
EC010128,78.19755384796093
EC008072,76.6709947425429
EC010395,75.2930140918899
EC010772,72.66127949341912
EC008530,44.94555696894922
EC009638,26.553562430802934
EC008486,30.246450793738724
EC010886,55.85784018560945
EC009015,65.70370471219914
EC010214,42.53464048771779
EC010115,36.00197585670189
EC010714,54.77888587745572
EC008399,35.71319911251724
EC008630,52.33869300690609
EC008995,35.42931292509278
EC008998,87.56668690000558
EC009149,42.54631249537151
EC010957,29.82665750697894
EC010834,47.01393366064498
EC010203,23.3840134593737
EC010615,58.20451373086478
EC008667,59.30479835878232
EC009623,77.95631090492185
EC010406,76.26546506227643
EC009444,90.11297102663268
EC009185,66.06311220679304
EC009218,26.10722485452652
EC009311,67.47565447001924
EC008010,78.79552825654659
EC009701,75.57012641503673
EC008381,26.66491431912018
EC008610,67.45110142893051
EC010758,113.03387081924424
EC008673,84.53104335113842
EC009466,46.654938189926675
EC008062,41.60539721717107
EC010584,41.61444257704562
EC009825,40.70570498583531
EC008090,43.27635574691358
EC009652,54.99361078589227
EC009956,36.29199273683802
EC008148,46.78036855457948
EC010422,60.79307996852532
EC010827,51.59500558664108
EC008759,20.861125446556066
EC008825,34.90999147111801
EC009881,55.24553328612848
EC008932,31.093253518252595
EC010705,45.52965864081951
EC008052,49.326507043638784
EC008918,63.14549135343153
EC010973,44.64441874844012
EC009650,77.59175144148708
EC009177,59.68279035502148
EC008098,60.233703868501934
EC008319,87.25135203395533
EC009558,40.850899713752476
EC009380,21.441108528836445
EC008209,60.969780822096794
EC010439,75.83662043788033
EC010826,53.124521178853286
EC008042,64.22383597258502
EC010766,40.99831025388547
EC010580,50.53638127760421
EC008236,61.308104652644744
EC008756,54.524181015271765
EC008037,44.28274527329509
EC008444,32.77353412189458
EC010722,115.8393651220798
EC010880,66.44570361953672
EC009566,34.38122434987467
EC010746,47.071448551247954
EC009152,56.0366656223721
EC009826,21.966628245568753
EC009341,38.0900344034593
EC009577,62.013472686665
EC008709,19.080612730169694
EC010795,65.60214728647915
EC010641,59.62801259884979
EC009284,76.33782841896827
EC010375,23.521576060202943
EC009871,61.58448641882225
EC009887,41.515052236388755
EC008235,57.268157082327214
EC009283,52.27569764152561
EC009142,53.63146201067418
EC008192,39.70053171620776
EC009592,49.025533243291406
EC008517,74.1179381265816
EC008480,64.29623980776697
EC010339,67.74365086706142
EC009384,53.32220499044042
EC008278,55.1961427444223
EC008941,66.49884230737554
EC008452,38.110710655921984
EC009013,53.188926019400384
EC008287,67.84615513825588
EC010742,57.77713243597813
EC010665,115.04576919833238
EC009690,54.016613357938354
EC009949,66.14295727820135
EC009661,51.12595855157283
EC008220,79.44585884915777
EC009430,21.202320656051704
EC008400,48.097259018297024
EC009217,42.143119862652476
EC008963,106.568897943463
EC010290,44.00446111195175
EC008313,53.05372434765158
EC009840,32.363078999047644
EC009709,58.112051540741604
EC010222,47.799889335059994
EC009765,49.385416255009645
EC008543,49.6884513850074
EC009086,63.170098979180636
EC010087,19.661679875628177
EC008255,41.44136661081128
EC009591,80.1135425280339
EC010237,56.29290483492333
EC010338,66.35607359555745
EC010677,42.787144264599256
EC008144,65.2797784561632
EC008372,57.72770468872949
EC010771,47.60133671822584
EC008688,37.71353156520439
EC009047,38.802089280857516
EC009247,49.893827155578066
EC010239,37.231679458412415
EC008581,49.99331009742269
EC010333,74.55091461996133
EC010655,62.83067221600558
EC008508,26.691546803290983
EC009975,34.37575808989174
EC008277,41.66165883612453
EC009195,35.85020183989341
EC008534,37.79419052656345
EC010064,38.527981759426225
EC010999,49.82818063226255
EC010504,37.13099878484835
EC009469,45.323597433034685
EC009446,46.04663118494462
EC008001,50.81651815980608
EC008425,55.5559111535558
EC008901,40.8588562661855
EC009747,43.255301769844074
EC008011,56.404085584310906
EC010246,45.16054228493937
EC008024,62.98167701401697
EC009673,73.33628565425323
EC010299,37.00364161572203
EC009131,58.11063315336341
EC010492,67.00349290447832
EC010814,77.42116208867583
EC009589,54.56002681184459
EC010867,40.77082068014299
EC008373,53.947232631045964
EC008129,73.3374981832017
EC009488,25.104246735991946
EC008726,58.468374193763054
EC008046,71.32249075752244
EC009597,82.25691940079693
EC009133,66.08793091689209
EC008205,51.204723801769624
EC010385,31.79469919556859
EC008924,22.80629383608497
EC010176,33.834326802218385
EC010866,45.236372990848196
EC009491,86.34985379979837
EC009058,50.73397467551555
EC010908,32.83709112462817
EC009746,73.75789064302207
EC008740,33.45304442727624
EC008537,48.25819326390563
EC010113,21.67831598676272
EC008723,38.16469162860654
EC009098,61.74495654534654
EC009104,35.32384554217278
EC008920,85.07736893204238
EC008718,18.45350619154091
EC008790,93.2503641702879
EC008197,53.10297960517988
EC009472,60.356242582219025
EC008231,57.88298064580324
EC008202,55.57217906152145
EC009421,53.349139073165446
EC010835,35.154863526931784
EC009593,35.141052726794925
EC008019,70.71494360053467
EC010008,26.740189984723447
EC010436,27.686895899996372
EC010547,37.74527784370573
EC010936,76.5640884893146
EC008765,49.726156812108805
EC010325,57.84648296402075
EC010447,89.06715368595896
EC008256,23.77308910621941
EC010211,46.142058411815846
EC009791,45.74810489666365
EC010048,43.889146585604635
EC010151,74.06732056483868
EC008068,92.24386481857903
EC010015,58.48886309065706
EC008440,23.872496158626813
EC008032,58.39781818002231
EC010790,43.812408220444695
EC009873,25.642755250479347
EC010155,68.16353504418603
EC010577,51.872214207667874
EC009820,75.73789960090242
EC008334,58.381941231571815
EC009454,97.5902488281457
EC009704,60.33179020184005
EC009068,70.21270429813511
EC008045,85.2583106558771
EC009476,55.43452303064821
EC009423,72.1631287414004
EC010997,81.01384260243857
EC008330,34.87603260559071
EC009609,79.55141286790601
EC008903,20.85443229991485
EC008082,57.22715570511447
EC008902,61.71624181529651
EC010029,33.27045918371357
EC008742,61.04654194732607
EC009279,109.87229448802933
EC008273,26.1864172107296
EC009451,22.22502824084562
EC009296,47.701325385221516
EC009800,81.66740270104304
EC008671,43.972780070481114
EC008467,34.882191469642805
EC008640,26.954837695962276
EC010182,63.011834401418426
EC010293,51.499950180403744
EC008716,45.13836001592502
EC009069,78.31785105515533
EC009933,25.10870512081953
EC009570,75.59281631310331
EC009200,48.62202950148274
EC010379,91.32141772849891
EC010496,74.17523106831426
EC010033,32.263511467240434
EC010708,98.00165390476515
EC008781,30.235960259956045
EC010479,30.510298932073077
EC010846,20.168405405720076
EC009771,41.079257672245134
EC008919,82.23858423101959
EC010865,33.24956898775497
EC010235,50.28004035978377
EC009330,26.37566031760337
EC010280,54.55493863190547
EC010040,64.71954142603272
EC008460,57.427471635205535
EC008174,38.32854271138243
EC009580,46.297559886720606
EC010486,29.98512680733048
EC009066,60.40055679045426
EC008755,22.17490144189898
EC008560,57.739342568316665
EC009054,33.187208110720476
EC009798,42.802925941700146
EC009441,76.48053229100367
EC009651,52.93297951921995
EC008130,50.502665214345896
EC008083,22.118880202960142
EC008015,67.57179905833999
EC009815,30.793957547567153
EC009644,55.72967956765406
EC010419,34.0672464577419
EC010485,30.97143527874164
EC010118,58.35106096470146
EC010350,28.396930696873433
EC009125,50.129316418173104
EC009225,48.46253147904477
EC009636,56.97933959407122
EC010789,47.59301275862224
EC008056,24.22496227430993
EC008606,61.835946750071535
EC008843,23.377748603246594
EC010027,34.81422853772029
EC010871,31.797193826137317
EC010475,37.29328853747358
EC008076,51.017481030206994
EC008935,29.58587087644825
EC008073,57.9364435442192
EC009694,58.382226318572435
EC010875,57.70619396053946
EC009930,97.40482912066389
EC009923,71.98455597292049
EC008354,92.6943186015171
EC008785,44.370843072149
EC010074,55.42885320546459
EC010179,41.81770356906675
EC008348,64.31232924254711
EC010294,76.51806121975736
EC008664,72.6830947646568
EC008415,55.566603996863265
EC009471,40.759857379597705
EC009865,52.557051791228126
EC010729,85.4808585097833
EC008713,59.869892789662444
EC009310,18.750043046499453
EC008448,64.24469496441938
EC008492,58.86228426616613
EC009548,86.75896268200236
EC010863,24.27344389894361
EC010682,15.387702397705876
EC010754,40.32259034588478
EC009137,61.967123292078895
