pattern,rows,mean_prediction_change,rms_prediction_change,max_abs_prediction_change
0,2453,0.0,0.0,0.0
1,80,0.006392894598813101,0.05310784565361376,0.34481410745542623
2,70,0.008376791857659202,0.040396159522486146,0.2517624908275839
3,31,0.012648075007527841,0.06370148367244072,0.2166892391091825
4,81,0.003889406047779623,0.050348232387603664,0.17413116987611732
5,33,-0.013192630585816005,0.08348791991531977,0.2695461194409499
6,37,-0.01782844654903817,0.06832958473766175,0.21440938397821058
7,12,0.04105975976743819,0.13262114573320627,0.41380636879364147
8,85,0.0020621481156549992,0.08267085088353847,0.2729938081585558
9,43,0.02500428972426748,0.09854381165511783,0.2695919771057722
10,26,-0.018605326204449282,0.09868568508281757,0.2672987773538765
11,6,-0.022005016540414254,0.1548032800910972,0.25082792084916605
12,36,0.00038218726468212624,0.1355609067944907,0.45496027105271314
13,6,-0.009298611693893571,0.061830883128900546,0.10072318004038414
14,1,0.36787304730420484,0.36787304730420484,0.36787304730420484
