fold,group,row_count,alpha_selected_on_other_folds,baseline_rmse,selected_rmse
0,natural,1600,0.0,3.0561112553385854,3.0561112553385854
0,complete,1498,0.0,3.041471037243249,3.041471037243249
0,missing,102,0.0,3.2635653464078827,3.2635653464078827
1,natural,1600,0.0,3.0496122917733417,3.0496122917733417
1,complete,1499,0.0,3.040320583600983,3.040320583600983
1,missing,101,0.0,3.1843302618430394,3.1843302618430394
2,natural,1600,0.0,3.1254960884100047,3.1254960884100047
2,complete,1518,0.0,3.0563281485118594,3.0563281485118594
2,missing,82,0.0,4.205263976607529,4.205263976607529
3,natural,1600,0.0,3.063510957871808,3.063510957871808
3,complete,1506,0.0,2.992511888024885,2.992511888024885
3,missing,94,0.0,4.034079765408569,4.034079765408569
4,natural,1600,0.0,3.0584071637026016,3.0584071637026016
4,complete,1516,0.0,2.9867511824628115,2.9867511824628115
4,missing,84,0.0,4.143859693585413,4.143859693585413
