outer_fold,family,balanced_rmse,natural_rmse,fold_std,eligible
0,core,3.8831500427307613,3.0745862767337018,0.05993222503259626,True
0,uncertainty,3.88560039542849,3.077005169440716,0.059873291627729794,False
0,weekday,3.8857234480171443,3.074769936217398,0.06369218390918292,False
0,weather,3.8833242731352433,3.0750421264015064,0.060608954903456476,False
0,deviations,3.8838323056061794,3.0759161550980334,0.06108962430687536,False
0,physical,3.8821188209145445,3.0749631381027114,0.05980816855054103,False
0,combined,3.887936113171098,3.0801266468577926,0.06037354117915145,False
1,core,3.8871226173397675,3.089279249458455,0.10366290756171102,True
1,uncertainty,3.8880905976747906,3.0864496740771505,0.10261876953237614,False
1,weekday,3.890941972612093,3.0941714544801058,0.10227108427134098,False
1,weather,3.8864572859618707,3.089945336419751,0.10231376066198235,False
1,deviations,3.8871302740450027,3.0901958903984106,0.1051233230037684,False
1,physical,3.8865540731704624,3.090531726241165,0.10348416332194615,False
1,combined,3.8926346601466797,3.096075716077383,0.1033544738465795,False
2,core,3.854387919672123,3.0523639331240786,0.0889565289411188,True
2,uncertainty,3.8544615438690535,3.051132408745727,0.08671513893788695,False
2,weekday,3.8594064547776976,3.0574344735213166,0.08342120863979827,False
2,weather,3.8522636233152223,3.0503942403575315,0.08858267296809037,False
2,deviations,3.8568634332918337,3.056496151334829,0.08793665282254928,False
2,physical,3.852995309197696,3.0522583996911004,0.08732858905777727,False
2,combined,3.8603286927403513,3.0595940588786963,0.07683079042233852,False
3,core,3.9161852590784254,3.1234781844521398,0.03884338465317639,True
3,uncertainty,3.918273157526763,3.1217451255611177,0.03958300585999916,False
3,weekday,3.922389346871282,3.1303783137828964,0.03557880174792428,False
3,weather,3.9140879407826215,3.1218004118553364,0.03911073771534353,False
3,deviations,3.916945781485471,3.126479083190224,0.03609426211534922,False
3,physical,3.9139960316499267,3.1221838391470653,0.03696520156617318,False
3,combined,3.9248495199415254,3.1333598682954626,0.03565499552944531,False
4,core,3.8543807010487017,3.067630760732385,0.07415320862375974,True
4,uncertainty,3.8557345059447363,3.064841687791595,0.0725378849433666,False
4,weekday,3.8578745622129333,3.0692392234751225,0.07737395057647031,False
4,weather,3.852396871689226,3.066510804434493,0.07217386342883028,False
4,deviations,3.8539892252060106,3.068218900441332,0.07314184651054671,False
4,physical,3.8527800488517565,3.0665258807056692,0.07182832289590561,False
4,combined,3.8579339198663734,3.067956424447354,0.07289757957241998,False
final_training,core,3.8549769492870842,3.070358466099895,0.09264987782546921,True
final_training,uncertainty,3.8561749044362874,3.0687574817530447,0.09043130226047556,False
final_training,weekday,3.8586979159880737,3.073604918952198,0.09144670251118675,False
final_training,weather,3.8530451272198025,3.0683364689824324,0.09091341975728355,False
final_training,deviations,3.855524713662288,3.0722267549716946,0.09271328295550117,False
final_training,physical,3.853700772598247,3.0693706749393503,0.09002860724650087,False
final_training,combined,3.8592895537482725,3.074190719059233,0.08741636347767105,False
