experiment,fold,missing_pattern,row_count,rmse,mae,r2
legacy_non_dl,0,overall,24115,4.710393423387282,3.452956014285556,0.9329393216150518
legacy_non_dl,0,natural,1600,3.0777906259919847,2.3957749574765717,0.9711091117171333
legacy_non_dl,0,0,1501,3.009442943603601,2.3548018652187435,0.9726442660552652
legacy_non_dl,0,1,1526,3.4186962327632275,2.6593048848383045,0.9646222088492085
legacy_non_dl,0,2,1526,3.0170401971478595,2.366192016921131,0.9723352241778144
legacy_non_dl,0,3,1502,3.5051735800382047,2.710949395087765,0.9628707305229508
legacy_non_dl,0,4,1524,3.689698691890999,2.839368659707519,0.9589887501719039
legacy_non_dl,0,5,1501,4.094098576821082,3.1350974532074667,0.949371771206807
legacy_non_dl,0,6,1501,3.692183009331004,2.842461350452509,0.9588241491314782
legacy_non_dl,0,7,1501,4.196880866852463,3.203185009240429,0.9467978202275545
legacy_non_dl,0,8,1524,3.8663634916933884,2.9809436373626745,0.9547077553209037
legacy_non_dl,0,9,1502,4.661574875813859,3.6103206842663065,0.9343459750851157
legacy_non_dl,0,10,1502,3.8652595352047157,2.9775058936737535,0.9548434320634096
legacy_non_dl,0,11,1501,4.877507578750341,3.7986025819164806,0.9281425089928137
legacy_non_dl,0,12,1501,6.158120670890141,4.556714875790426,0.8854559504081879
legacy_non_dl,0,13,1501,6.9988938728008625,5.284185947587977,0.8520431898013121
legacy_non_dl,0,14,1501,6.1490277166223075,4.541611917310927,0.8857939674426495
legacy_non_dl,0,15,1501,7.195161606788977,5.4347104584279595,0.8436286271142692
upgrade_non_dl,0,overall,24115,4.388484816706167,3.216170731601941,0.9417919864140725
upgrade_non_dl,0,natural,1600,3.073122559071603,2.393904069859876,0.9711966825379574
upgrade_non_dl,0,0,1501,3.0084013726167234,2.3542533045126297,0.9726631984680866
upgrade_non_dl,0,1,1526,3.4126872993347077,2.6730431640327432,0.9647464643854787
upgrade_non_dl,0,2,1526,3.0150056452429057,2.364368724046995,0.972372523279274
upgrade_non_dl,0,3,1502,3.4726358179264953,2.7040638286124214,0.9635568569188209
upgrade_non_dl,0,4,1524,3.657776815723813,2.769814789123528,0.9596953080705956
upgrade_non_dl,0,5,1501,3.929240412516805,2.990737857886098,0.9533670008268914
upgrade_non_dl,0,6,1501,3.6200467979528232,2.750646869447,0.9604173821731972
upgrade_non_dl,0,7,1501,4.037514430448253,3.019858989969429,0.9507615561870841
upgrade_non_dl,0,8,1524,3.8898390263984095,2.9575584928506866,0.9541560805600601
upgrade_non_dl,0,9,1502,4.645958795295157,3.561688974944977,0.9347851147665067
upgrade_non_dl,0,10,1502,3.8960918313204003,2.9560359836549215,0.9541201514585335
upgrade_non_dl,0,11,1501,4.7102123751209755,3.5967192221719273,0.9329872991775499
upgrade_non_dl,0,12,1501,5.361097141125014,3.8980038172345797,0.9131872534371149
upgrade_non_dl,0,13,1501,6.166122776585666,4.525817281643699,0.8851580708538117
upgrade_non_dl,0,14,1501,5.387258266645702,3.9006965600923857,0.9123379271098394
upgrade_non_dl,0,15,1501,6.217632335142852,4.4697437860825575,0.8832313609638557
direct,0,overall,24115,4.490347229748236,3.2931834390036956,0.9390584593415783
direct,0,natural,1600,3.103512562924787,2.4076343169339482,0.9706241957721744
direct,0,0,1501,3.0297225435743154,2.3645842526526186,0.9722743420983581
direct,0,1,1526,3.465742025510522,2.704907807478077,0.9636418185904453
direct,0,2,1526,3.0273853709446272,2.372281368578693,0.9721451785916682
direct,0,3,1502,3.4955032584324703,2.7229185781506877,0.9630753176451604
direct,0,4,1524,3.9198189061844393,2.957120203746838,0.9537136210355783
direct,0,5,1501,4.209260223156645,3.1613149003187204,0.9464835010485197
direct,0,6,1501,3.8656911548750363,2.919521483318755,0.9548632328032362
direct,0,7,1501,4.190692075183154,3.138362972403881,0.9469546102119614
direct,0,8,1524,3.9427037485559855,2.9947977369433723,0.9529015327648238
direct,0,9,1502,4.7174488310836304,3.6118973860621373,0.9327626755792684
direct,0,10,1502,3.9412057091238326,2.9841620294690716,0.9530514901152094
direct,0,11,1501,4.741484817621293,3.6230020509080108,0.9320945124081178
direct,0,12,1501,5.497778229161989,4.024804544334348,0.9087042464122166
direct,0,13,1501,6.2604972256353975,4.592264081526485,0.8816157851138224
direct,0,14,1501,5.483656710543084,4.008901869711391,0.9091726461457389
direct,0,15,1501,6.294069481064132,4.545325164472294,0.8803426972129138
one_pass,0,overall,24115,4.426733515426302,3.255731136095331,0.9407729180581671
one_pass,0,natural,1600,3.0920592192498235,2.416932769077157,0.970840615295139
one_pass,0,0,1501,3.0245778633090357,2.375891240803915,0.9723684223561797
one_pass,0,1,1526,3.4229305744612692,2.6881862940232044,0.9645345178600129
one_pass,0,2,1526,3.0374529601811466,2.3884118353444714,0.9719596077751745
one_pass,0,3,1502,3.5004105084518304,2.737867155007353,0.9629715695866231
one_pass,0,4,1524,3.6438833980692986,2.7629790376377255,0.9600009070577785
one_pass,0,5,1501,3.9655098394730364,3.0272025107204374,0.9525021220639196
one_pass,0,6,1501,3.6295692941810747,2.7520251167036043,0.9602088649361865
one_pass,0,7,1501,4.035797844861582,3.0377695558981443,0.9508034156215308
one_pass,0,8,1524,3.937465629680672,3.013041040367767,0.9530265959210549
one_pass,0,9,1502,4.65362991534653,3.5834749570441584,0.9345695793972625
one_pass,0,10,1502,3.9164944011689187,2.9822330311173317,0.9536383775197447
one_pass,0,11,1501,4.740421526396142,3.6245709377002355,0.9321249649840412
one_pass,0,12,1501,5.475561912250325,4.0008180742817885,0.9094406010841576
one_pass,0,13,1501,6.251281424924133,4.643106178229953,0.8819640649012395
one_pass,0,14,1501,5.50038948412016,3.998107551401988,0.908617501151011
one_pass,0,15,1501,6.237965856408815,4.51149027170422,0.8824663752451946
two_pass,0,overall,24115,4.427810465892493,3.243854420999859,0.9407440966293844
two_pass,0,natural,1600,3.0915097493750276,2.416432497149025,0.970850977826207
two_pass,0,0,1501,3.0245778633090357,2.375891240803915,0.9723684223561797
two_pass,0,1,1526,3.4229305744612692,2.6881862940232044,0.9645345178600129
two_pass,0,2,1526,3.0374529601811466,2.3884118353444714,0.9719596077751745
two_pass,0,3,1502,3.4830098075947786,2.7026906161807926,0.9633387946109904
two_pass,0,4,1524,3.6438833980692986,2.7629790376377255,0.9600009070577785
two_pass,0,5,1501,3.9217299095378184,2.9900846547377364,0.9535451027060811
two_pass,0,6,1501,3.615958144510808,2.750846862634381,0.9605067446709579
two_pass,0,7,1501,4.035696964805182,3.022977138769936,0.950805875056998
two_pass,0,8,1524,3.937465629680672,3.013041040367767,0.9530265959210549
two_pass,0,9,1502,4.670734316994454,3.585229941209164,0.934087716882557
two_pass,0,10,1502,3.9194917126481386,2.9924820897391116,0.9535673888331947
two_pass,0,11,1501,4.763305719338217,3.6350009855115615,0.9314680552339331
two_pass,0,12,1501,5.432805923621236,3.9389991784634444,0.9108493476504491
two_pass,0,13,1501,6.29262440720045,4.639605915476086,0.8803976358472907
two_pass,0,14,1501,5.470059489621037,3.9451627000782183,0.9096225169216976
two_pass,0,15,1501,6.285833554911145,4.5047899125509065,0.8806556406736523
legacy_non_dl,0,balanced,24115,4.03510703210473,2.9619291032671264,0.9505822677731592
upgrade_non_dl,0,balanced,24115,3.8340808338302335,2.834254070923831,0.9553835282407912
direct,0,balanced,24115,3.907902959685135,2.8818740921662815,0.9536488796838959
one_pass,0,balanced,24115,3.8645785230689023,2.866136025142964,0.9546709136136213
two_pass,0,balanced,24115,3.86503503551767,2.8595433053582826,0.9546602037707109
legacy_non_dl,1,overall,24070,4.671479845559736,3.414559995949903,0.9347859713733803
legacy_non_dl,1,natural,1600,3.031080870825501,2.4272896909547628,0.9728971375776272
legacy_non_dl,1,0,1498,2.9871061154377716,2.39685052514141,0.9733105300885955
legacy_non_dl,1,1,1514,3.2065745428261905,2.5537122910784347,0.9692853600134866
legacy_non_dl,1,2,1525,3.0005055876391955,2.40891075639278,0.9732654941750926
legacy_non_dl,1,3,1500,3.3102405358624303,2.6156420918912713,0.9671893537724042
legacy_non_dl,1,4,1529,3.634249510571762,2.8366088279372645,0.9606761159669318
legacy_non_dl,1,5,1499,3.854334299976331,2.979730941958736,0.9555354314215168
legacy_non_dl,1,6,1499,3.6209149596513845,2.827397516999715,0.9607693513791505
legacy_non_dl,1,7,1498,3.874538516101338,3.0061198637579416,0.9550966635817951
legacy_non_dl,1,8,1521,3.9589088149957337,3.078923305257383,0.9531093281648544
legacy_non_dl,1,9,1498,4.59386145290689,3.5727137203727395,0.9368760114410793
legacy_non_dl,1,10,1498,3.9882156323428513,3.089492809486573,0.9524231254014575
legacy_non_dl,1,11,1498,4.921291488982031,3.768376626307454,0.927556933682066
legacy_non_dl,1,12,1499,6.295914330600914,4.613630604569633,0.8818745152437298
legacy_non_dl,1,13,1498,6.891094048556335,5.062526815169855,0.8579585815675763
legacy_non_dl,1,14,1498,6.19769059357017,4.547647067718582,0.885105714500615
legacy_non_dl,1,15,1498,7.211984937765572,5.320058667535682,0.8444219698697638
upgrade_non_dl,1,overall,24070,4.335375988516532,3.174256578209191,0.9438324336915578
upgrade_non_dl,1,natural,1600,3.0364652699343266,2.428825000683183,0.9728007612343047
upgrade_non_dl,1,0,1498,2.9858288231747876,2.3963355527821273,0.9733333501449143
upgrade_non_dl,1,1,1514,3.2186841957347916,2.560022713437208,0.9690529338225897
upgrade_non_dl,1,2,1525,2.9908633158348743,2.3996934012806537,0.9734370433808267
upgrade_non_dl,1,3,1500,3.2874113781235854,2.58853871780658,0.9676403521367175
upgrade_non_dl,1,4,1529,3.5946575182595892,2.7861955275166546,0.9615282480583851
upgrade_non_dl,1,5,1499,3.720705756046937,2.866626203392325,0.9585651304878111
upgrade_non_dl,1,6,1499,3.554037807432337,2.7491574410167297,0.9622051239634125
upgrade_non_dl,1,7,1498,3.799414382228895,2.94122875493965,0.9568210605611642
upgrade_non_dl,1,8,1521,3.9788642474990663,3.0547147652584448,0.9526354188107954
upgrade_non_dl,1,9,1498,4.532728910404099,3.4904380417823155,0.9385448705091198
upgrade_non_dl,1,10,1498,3.9849541023614496,3.058966246533999,0.9525009095372498
upgrade_non_dl,1,11,1498,4.748452256740038,3.570867562898716,0.9325560810565954
upgrade_non_dl,1,12,1499,5.425996979303574,3.863335272734397,0.9122625355835513
upgrade_non_dl,1,13,1498,5.999202046046066,4.229683324639532,0.892347127228827
upgrade_non_dl,1,14,1498,5.406408492400463,3.87783969641283,0.9125708291887586
upgrade_non_dl,1,15,1498,6.232839443245165,4.385660552560455,0.8837988233720167
direct,1,overall,24070,4.4465320565528454,3.2486338088529374,0.9409153147849647
direct,1,natural,1600,3.039787867086644,2.4209174346100015,0.9727412041182146
direct,1,0,1498,2.9821519574721806,2.3891298748432503,0.9733989864053688
direct,1,1,1514,3.2586728649785406,2.5805677022225986,0.9682791893879992
direct,1,2,1525,3.0041047416534092,2.4053877287375705,0.9732013187814363
direct,1,3,1500,3.321462320201173,2.6141577475641644,0.9669665191568279
direct,1,4,1529,3.805322862612483,2.9241505793591975,0.9568868310292437
direct,1,5,1499,4.00259956330286,3.0675360103975375,0.9520487855957593
direct,1,6,1499,3.7473560862359916,2.8988887486579773,0.9579816722200464
direct,1,7,1498,3.9529224026664713,3.0432479755661417,0.9532614511275349
direct,1,8,1521,4.022323105430037,3.081425472673495,0.9515950957955586
direct,1,9,1498,4.628162330075391,3.5390911196273676,0.9359298394005463
direct,1,10,1498,4.00335174673754,3.0696082270323064,0.9520613116966492
direct,1,11,1498,4.786888374883176,3.600169265806532,0.9314598190122505
direct,1,12,1499,5.601025113506927,4.011226784472723,0.9065108903318018
direct,1,13,1498,6.155557367551452,4.370563477351165,0.8866625564249326
direct,1,14,1498,5.556468207873806,3.966147443000601,0.9076501245853039
direct,1,15,1498,6.35589742862636,4.449151646631595,0.879165094666957
one_pass,1,overall,24070,4.408966867553098,3.224974202305787,0.941909416180934
one_pass,1,natural,1600,3.0485077826917872,2.4404411581751315,0.9725845910028951
one_pass,1,0,1498,2.999742192749567,2.4067978954072626,0.9730842485229286
one_pass,1,1,1514,3.2389816322569134,2.5767489590257813,0.9686613907832313
one_pass,1,2,1525,3.011886118558941,2.4186919700955483,0.9730623085070645
one_pass,1,3,1500,3.2988967180895994,2.6024912390036383,0.967413845163709
one_pass,1,4,1529,3.6049800993972143,2.7963596469947793,0.9613069763606205
one_pass,1,5,1499,3.7358167965334803,2.8873551379719458,0.9582278850928784
one_pass,1,6,1499,3.5616473419769865,2.752497401292899,0.9620431058187184
one_pass,1,7,1498,3.816762898098193,2.9554701554053815,0.9564258413759864
one_pass,1,8,1521,4.027806872863616,3.0955342672519635,0.9514630217812182
one_pass,1,9,1498,4.63547128599681,3.533147127257948,0.9357273159309359
one_pass,1,10,1498,4.030279707393764,3.0968780946641576,0.9514142375998814
one_pass,1,11,1498,4.846941757653582,3.629422754962151,0.929729305054062
one_pass,1,12,1499,5.540668448839261,3.958128279878294,0.90851491206041
one_pass,1,13,1498,6.230454638068938,4.387358824236142,0.8838877280052353
one_pass,1,14,1498,5.517181866501575,3.992648743811999,0.9089514054036493
one_pass,1,15,1498,6.359913722290541,4.543252535091589,0.8790123351854074
two_pass,1,overall,24070,4.377062125588722,3.205290098580808,0.9427470996389922
two_pass,1,natural,1600,3.0473390359306913,2.439631249951871,0.9726056081894228
two_pass,1,0,1498,2.999742192749567,2.4067978954072626,0.9730842485229286
two_pass,1,1,1514,3.2389816322569134,2.5767489590257813,0.9686613907832313
two_pass,1,2,1525,3.011886118558941,2.4186919700955483,0.9730623085070645
two_pass,1,3,1500,3.337366086506747,2.617257106182424,0.966649421167612
two_pass,1,4,1529,3.6049800993972143,2.7963596469947793,0.9613069763606205
two_pass,1,5,1499,3.7232250203837802,2.866326047282838,0.9585090009601217
two_pass,1,6,1499,3.5645774923929694,2.7542765558947693,0.9619806262139556
two_pass,1,7,1498,3.85550017238926,2.9481945486173227,0.9555368630129231
two_pass,1,8,1521,4.027806872863616,3.0955342672519635,0.9514630217812182
two_pass,1,9,1498,4.556624726493128,3.5255205480353555,0.9378951994598518
two_pass,1,10,1498,4.0427670680675,3.1076258181474494,0.9511126963221587
two_pass,1,11,1498,4.791372310472767,3.6053150080698995,0.9313313540586114
two_pass,1,12,1499,5.474518474393218,3.879638844300362,0.910686350572444
two_pass,1,13,1498,6.0818268437093845,4.30532941559706,0.8893613804110623
two_pass,1,14,1498,5.4628149032563655,3.936481979039065,0.9107369715121283
two_pass,1,15,1498,6.3071547434932285,4.476443989149971,0.88101132759448
legacy_non_dl,1,balanced,24070,3.9943637218277535,2.9560746540440612,0.9526087111784728
upgrade_non_dl,1,balanced,24070,3.787969782254183,2.8280804094738157,0.9573797184803509
direct,1,balanced,24070,3.857580365079081,2.8642448295371823,0.9557988806746797
one_pass,1,balanced,24070,3.837630512000044,2.8606394308103096,0.956254879295986
two_pass,1,balanced,24070,3.8175857892637075,2.8497204463581585,0.956710665128989
legacy_non_dl,2,overall,24235,4.83212327054044,3.5200282159933005,0.9308430045775652
legacy_non_dl,2,natural,1600,3.172659600878994,2.5150017843338617,0.9699302253308092
legacy_non_dl,2,0,1509,3.1456998446377167,2.4960907316640895,0.9707090891162365
legacy_non_dl,2,1,1535,3.458856432329672,2.712557372148102,0.9645904178788726
legacy_non_dl,2,2,1525,3.1458526465149674,2.4913531220902656,0.9706250251760322
legacy_non_dl,2,3,1509,3.5787644646130548,2.7878610884584276,0.9620890603870103
legacy_non_dl,2,4,1530,3.8417054552603425,2.9619383204615297,0.9560203658941975
legacy_non_dl,2,5,1509,4.122077864386508,3.154203572020466,0.9497043183963111
legacy_non_dl,2,6,1509,3.8416670464798592,2.9607874603733007,0.9563144547843115
legacy_non_dl,2,7,1509,4.193032992609185,3.1713863909802518,0.9479578925563874
legacy_non_dl,2,8,1537,4.0752323012623295,3.1303638340819817,0.9508301053212227
legacy_non_dl,2,9,1509,4.75099061678692,3.6342437397254144,0.9331861248676527
legacy_non_dl,2,10,1509,4.139323515740459,3.1642523705186902,0.9492825911690468
legacy_non_dl,2,11,1509,5.094102348130425,3.8732737565008124,0.9231871908055354
legacy_non_dl,2,12,1509,6.314248778180569,4.566689855279311,0.8819837818549523
legacy_non_dl,2,13,1509,7.1017267582944825,5.26593221482251,0.850711541739446
legacy_non_dl,2,14,1509,6.290852184815121,4.549087333683002,0.8828567477385547
legacy_non_dl,2,15,1509,7.306059613342182,5.440247081648014,0.8419972162070977
upgrade_non_dl,2,overall,24235,4.496536215025431,3.2710595509065103,0.9401152421028651
upgrade_non_dl,2,natural,1600,3.1717891802583544,2.5004187030510536,0.9699467223805319
upgrade_non_dl,2,0,1509,3.1389191993419674,2.4817997500924864,0.9708352278012786
upgrade_non_dl,2,1,1535,3.4633447911643684,2.6996833966052427,0.9644984603017926
upgrade_non_dl,2,2,1525,3.140734546780407,2.4796841339364852,0.9707205298087555
upgrade_non_dl,2,3,1509,3.5501715909847222,2.7500975314653826,0.9626924263953203
upgrade_non_dl,2,4,1530,3.8539426870256985,2.89789802067508,0.9557397373318126
upgrade_non_dl,2,5,1509,4.108328932877729,3.034887015456773,0.950039275016283
upgrade_non_dl,2,6,1509,3.855877143586137,2.878077948106562,0.9559906766231537
upgrade_non_dl,2,7,1509,4.178652545285942,3.068274881410677,0.9483142481810654
upgrade_non_dl,2,8,1537,3.8942559196141673,3.0083516274152067,0.9551002921051949
upgrade_non_dl,2,9,1509,4.555860974636476,3.5290568677677117,0.9385616927744553
upgrade_non_dl,2,10,1509,3.899721412527936,3.029950480785778,0.9549841472114425
upgrade_non_dl,2,11,1509,4.684341256446519,3.6098891127078314,0.9350475753244764
upgrade_non_dl,2,12,1509,5.613328584810288,3.9395746135146332,0.9067305864981247
upgrade_non_dl,2,13,1509,6.270490876224941,4.472581315787024,0.883613824783759
upgrade_non_dl,2,14,1509,5.594446564944192,3.9570367577642,0.9073570073063035
upgrade_non_dl,2,15,1509,6.351956485896181,4.528412873720824,0.880570024199735
direct,2,overall,24235,4.568422399967065,3.331539993430536,0.9381851796212987
direct,2,natural,1600,3.1883218128012656,2.514972912310413,0.9696326064773789
direct,2,0,1509,3.1420776523614236,2.486956416470178,0.9707765057371771
direct,2,1,1535,3.5064257186778622,2.7234125146919603,0.9636097519675717
direct,2,2,1525,3.1439882937105206,2.48109670345043,0.9706598323299794
direct,2,3,1509,3.562072317401605,2.756603963886021,0.9624418856130449
direct,2,4,1530,4.0697664161479725,3.035069361633241,0.9506437164520701
direct,2,5,1509,4.282218465589655,3.1656217229165136,0.9457204853732433
direct,2,6,1509,4.022319940514344,3.002917749019591,0.9521092608898604
direct,2,7,1509,4.28493468911431,3.1598133834411715,0.9456516042290245
direct,2,8,1537,3.9120316695874138,3.0230756252273334,0.9546894574996306
direct,2,9,1509,4.595935059784419,3.5785881572846625,0.9374760966985864
direct,2,10,1509,3.913299970233615,3.0440666448929576,0.9546701173331422
direct,2,11,1509,4.678076855388089,3.6253724069423816,0.9352211817927374
direct,2,12,1509,5.718493490155982,4.091962677421775,0.9032030712649375
direct,2,13,1509,6.372860022524213,4.552617749818464,0.8797826709687367
direct,2,14,1509,5.6915825600344485,4.060836879476364,0.904111970134608
direct,2,15,1509,6.3906835310577526,4.545972731333639,0.8791092869908945
one_pass,2,overall,24235,4.533475705216592,3.308591527200078,0.939127282179038
one_pass,2,natural,1600,3.2015879835256555,2.522477600333739,0.9693793715962927
one_pass,2,0,1509,3.1667308690417206,2.501933612025501,0.9703161227623442
one_pass,2,1,1535,3.4734153372483783,2.7118869481385017,0.9642917008234977
one_pass,2,2,1525,3.169082284984757,2.499666126217922,0.97018960145837
one_pass,2,3,1509,3.5791087119888556,2.779863290979646,0.9620817666020789
one_pass,2,4,1530,3.8489631596469156,2.8990391942437896,0.9558540373231035
one_pass,2,5,1509,4.114275777946108,3.052062657020269,0.9498945330885247
one_pass,2,6,1509,3.849285094295447,2.8846848346528753,0.9561410256250363
one_pass,2,7,1509,4.19265698067829,3.089879542282595,0.9479672259319833
one_pass,2,8,1537,4.0091824776583564,3.089965243342405,0.9524110431359858
one_pass,2,9,1509,4.6108806240575655,3.558661554361721,0.9370687913799808
one_pass,2,10,1509,3.981477668341453,3.0917098509579772,0.9530768797149499
one_pass,2,11,1509,4.758573083834588,3.658193095473515,0.9329726879997174
one_pass,2,12,1509,5.653790726768429,3.9911666528644836,0.9053811263040834
one_pass,2,13,1509,6.316007394268635,4.553395051904174,0.8819180340108448
one_pass,2,14,1509,5.633194995102067,4.012255976319075,0.9060692294071098
one_pass,2,15,1509,6.3840333729976155,4.591715291104281,0.8793607543194205
two_pass,2,overall,24235,4.557087747560452,3.3125308054743545,0.9384915349690296
two_pass,2,natural,1600,3.2015879835256555,2.522477600333739,0.9693793715962927
two_pass,2,0,1509,3.1667308690417206,2.501933612025501,0.9703161227623442
two_pass,2,1,1535,3.4734153372483783,2.7118869481385017,0.9642917008234977
two_pass,2,2,1525,3.169082284984757,2.499666126217922,0.97018960145837
two_pass,2,3,1509,3.568944370088323,2.770741317588163,0.9622968294288143
two_pass,2,4,1530,3.8489631596469156,2.8990391942437896,0.9558540373231035
two_pass,2,5,1509,4.11073786479249,3.0435677830717984,0.9499806685749528
two_pass,2,6,1509,3.8527235747335613,2.8804221111740453,0.956062634142702
two_pass,2,7,1509,4.184792901433125,3.088001750623916,0.9481622364496858
two_pass,2,8,1537,4.0091824776583564,3.089965243342405,0.9524110431359858
two_pass,2,9,1509,4.617881789075488,3.571906080591984,0.9368775366892879
two_pass,2,10,1509,3.9731937442847336,3.0755664653758576,0.9532719345271597
two_pass,2,11,1509,4.782509466378228,3.66664690492721,0.9322966758738109
two_pass,2,12,1509,5.715421797648401,3.9993189417670565,0.9033070324028332
two_pass,2,13,1509,6.376364024731163,4.569365908518196,0.8796504359625225
two_pass,2,14,1509,5.709931813034285,4.0335980070062645,0.9034927012724038
two_pass,2,15,1509,6.4637474307421146,4.627718537201302,0.876329227943959
legacy_non_dl,2,balanced,24235,4.1445244124700515,3.053036146411761,0.9489218788054891
upgrade_non_dl,2,balanced,24235,3.936823895753936,2.9129762676142743,0.9539131010985463
direct,2,balanced,24235,3.98701577577435,2.9521167870828053,0.9527304554101111
one_pass,2,balanced,24235,3.970566814426897,2.9433185770866817,0.9531196843692663
two_pass,2,balanced,24235,3.9850107376694917,2.945427444084187,0.9527779864017482
legacy_non_dl,3,overall,24220,4.537435606092446,3.35701253669909,0.9416498896371871
legacy_non_dl,3,natural,1600,2.9178459053841634,2.3069512858379055,0.9756876895673724
legacy_non_dl,3,0,1508,2.8996206058978826,2.2904945478989602,0.9761838264224105
legacy_non_dl,3,1,1530,3.3277388291865644,2.634555761571986,0.9684115950417489
legacy_non_dl,3,2,1532,2.895741906823146,2.2840689527719213,0.9761099614164415
legacy_non_dl,3,3,1508,3.428632824119365,2.7075945175318807,0.9667009694971394
legacy_non_dl,3,4,1532,3.573671284389249,2.750680062402927,0.9639740459765014
legacy_non_dl,3,5,1508,3.885307184588603,3.0043442356889773,0.9572397382987963
legacy_non_dl,3,6,1510,3.600656903853415,2.7538737503098045,0.9632280346413616
legacy_non_dl,3,7,1508,4.021828747984991,3.095051376057197,0.954181931161317
legacy_non_dl,3,8,1527,3.665781363024071,2.865679766876954,0.9620042396511308
legacy_non_dl,3,9,1508,4.549519058725545,3.587992969996332,0.9413699034235199
legacy_non_dl,3,10,1509,3.6909949469916548,2.883194726971138,0.9613923998449883
legacy_non_dl,3,11,1508,4.828765146318281,3.7795401006314813,0.9339516764195596
legacy_non_dl,3,12,1508,5.913637637538459,4.393758842744518,0.9009398341540318
legacy_non_dl,3,13,1508,6.708963036610903,5.107446780275492,0.8725028636577467
legacy_non_dl,3,14,1508,5.834180779560059,4.328653892487706,0.9035839363978376
legacy_non_dl,3,15,1508,6.946285430077183,5.289840656057879,0.8633231748535145
upgrade_non_dl,3,overall,24220,4.281118157050722,3.102956477105786,0.9480560273657154
upgrade_non_dl,3,natural,1600,2.9029179868753627,2.296803932458192,0.975935820419026
upgrade_non_dl,3,0,1508,2.8837745421262504,2.2789432141416914,0.976443419972587
upgrade_non_dl,3,1,1530,3.3051204659209352,2.615163526464703,0.9688395432258632
upgrade_non_dl,3,2,1532,2.88042200574686,2.273008172547711,0.9763620728945048
upgrade_non_dl,3,3,1508,3.3844283371139494,2.6639616943587483,0.9675540662221497
upgrade_non_dl,3,4,1532,3.499369558671054,2.68147070702764,0.9654565345413698
upgrade_non_dl,3,5,1508,3.7456617071536655,2.8523505722945157,0.9602582731221253
upgrade_non_dl,3,6,1510,3.4903067363050995,2.6506068054041583,0.965447414377003
upgrade_non_dl,3,7,1508,3.8456333499220747,2.9280024956642796,0.9581085509655604
upgrade_non_dl,3,8,1527,3.685054606348105,2.807776930210032,0.961603655688713
upgrade_non_dl,3,9,1508,4.510093374093018,3.466583638327427,0.9423816657283861
upgrade_non_dl,3,10,1509,3.660036123048463,2.7914965326112844,0.9620373388128912
upgrade_non_dl,3,11,1508,4.678186346008812,3.5554307511132657,0.9380067126874911
upgrade_non_dl,3,12,1508,5.324852107628149,3.6897395960557597,0.9196835077993548
upgrade_non_dl,3,13,1508,6.05621052346162,4.299542248707356,0.8961057387851664
upgrade_non_dl,3,14,1508,5.323620147043562,3.711727877858441,0.9197206676319651
upgrade_non_dl,3,15,1508,6.234651542976996,4.413057513733337,0.8898932349062171
direct,3,overall,24220,4.377007784323752,3.183144960618722,0.9457030580611183
direct,3,natural,1600,2.9280943428813853,2.317458738354776,0.9755166039284134
direct,3,0,1508,2.89989053187318,2.290766484381991,0.9761793921160138
direct,3,1,1530,3.4049430460214802,2.6867355185108903,0.9669288777771022
direct,3,2,1532,2.885193055018274,2.2754113999953542,0.9762837016589202
direct,3,3,1508,3.42022708077609,2.6869467824895312,0.9668640432403662
direct,3,4,1532,3.6975783837773117,2.8252387253382136,0.961432537673068
direct,3,5,1508,3.9858112928119773,3.051332521674114,0.9549989032116172
direct,3,6,1510,3.6771323080037903,2.790935746596897,0.9616494254955396
direct,3,7,1508,3.9736278589125185,3.023603110245939,0.9552735925545742
direct,3,8,1527,3.7075595785961872,2.8220980944765546,0.961133243522897
direct,3,9,1508,4.575395483433508,3.498444591529657,0.9407010626991428
direct,3,10,1509,3.6943057796163714,2.8113661514697377,0.9613231065336082
direct,3,11,1508,4.710808557378231,3.5653396384947764,0.9371391075144816
direct,3,12,1508,5.50248342989649,3.8894152418398233,0.914235587109874
direct,3,13,1508,6.130976310796764,4.409843522918354,0.8935246911946919
direct,3,14,1508,5.451465970296872,3.8359815218486295,0.9158185808294901
direct,3,15,1508,6.323048738463523,4.499560882095686,0.8867488316869178
one_pass,3,overall,24220,4.336541204785808,3.142453433083131,0.9467023958418007
one_pass,3,natural,1600,2.9205164588107815,2.309117516863931,0.9756431656011646
one_pass,3,0,1508,2.9055554875248224,2.2951544844339375,0.9760862337767614
one_pass,3,1,1530,3.3100374376774933,2.6198344627734578,0.9687467604936115
one_pass,3,2,1532,2.913569538212217,2.3027821685109613,0.9758148979401269
one_pass,3,3,1508,3.3962809582124924,2.680905283824338,0.9673264101917118
one_pass,3,4,1532,3.4983876022004,2.6826155016259947,0.9654759182730359
one_pass,3,5,1508,3.761903902101161,2.874916583260426,0.9599128642511197
one_pass,3,6,1510,3.4945024212206013,2.652183479678274,0.9653642933746035
one_pass,3,7,1508,3.852564707131737,2.938482953897651,0.9579574048489379
one_pass,3,8,1527,3.7574366752038744,2.8688913306723194,0.9600804752676708
one_pass,3,9,1508,4.591437646497353,3.546121191502552,0.9402845081474975
one_pass,3,10,1509,3.72149821090599,2.824566947816807,0.9607516381770029
one_pass,3,11,1508,4.741854240276744,3.6204673692566516,0.9363078319488272
one_pass,3,12,1508,5.420515522852136,3.766954902009829,0.916771739644151
one_pass,3,13,1508,6.1943586595294775,4.384705037232324,0.8913118171653527
one_pass,3,14,1508,5.414271915550117,3.775257840275013,0.9169633617495573
one_pass,3,15,1508,6.314769878400407,4.478029414037931,0.8870452003573766
two_pass,3,overall,24220,4.316515616037983,3.129811677234335,0.9471935022273492
two_pass,3,natural,1600,2.9203566701344195,2.3091467757818487,0.9756458307735167
two_pass,3,0,1508,2.9055554875248224,2.2951544844339375,0.9760862337767614
two_pass,3,1,1530,3.3100374376774933,2.6198344627734578,0.9687467604936115
two_pass,3,2,1532,2.913569538212217,2.3027821685109613,0.9758148979401269
two_pass,3,3,1508,3.4021793059984478,2.6683108724201388,0.9672128226836013
two_pass,3,4,1532,3.4983876022004,2.6826155016259947,0.9654759182730359
two_pass,3,5,1508,3.7460452728391185,2.8549176477825453,0.9602501333890723
two_pass,3,6,1510,3.4873030432404626,2.6492122981763346,0.9655068594125042
two_pass,3,7,1508,3.8536263919667593,2.9213933203252656,0.9579342295672986
two_pass,3,8,1527,3.7574366752038744,2.8688913306723194,0.9600804752676708
two_pass,3,9,1508,4.551365435582354,3.5211316408916087,0.9413223048889126
two_pass,3,10,1509,3.6887150588720434,2.828705294073372,0.961440080118392
two_pass,3,11,1508,4.722549724745652,3.6151627863532787,0.9368253694301726
two_pass,3,12,1508,5.368298234363743,3.713175960270416,0.9183675366450275
two_pass,3,13,1508,6.13422157127984,4.333826770339248,0.8934119419209857
two_pass,3,14,1508,5.376826518278325,3.765081880864872,0.9181079617158261
two_pass,3,15,1508,6.302012040132752,4.468634386307267,0.8875011483633694
legacy_non_dl,3,balanced,24220,3.8701564854955754,2.869119356038124,0.9574010418516102
upgrade_non_dl,3,balanced,24220,3.7050805872996015,2.7283913469445915,0.9609575337553733
direct,3,balanced,24220,3.773633091874993,2.780918515172476,0.9594994174733684
one_pass,3,balanced,24220,3.7457895993592656,2.755258009587826,0.9600948741025713
two_pass,3,balanced,24220,3.7333277818942525,2.7485036262057925,0.9603599520880224
legacy_non_dl,4,overall,24415,4.816409703451269,3.4940548429650136,0.9337425911960675
legacy_non_dl,4,natural,1600,3.1497310847447397,2.4690438359678133,0.9715066108791444
legacy_non_dl,4,0,1521,3.097299873952286,2.445049923138617,0.9726103908537409
legacy_non_dl,4,1,1546,3.4585264275239784,2.680793405004889,0.9658541527858526
legacy_non_dl,4,2,1540,3.101086163430134,2.4438988700648787,0.9725914226027421
legacy_non_dl,4,3,1521,3.5140823382474795,2.72272584205902,0.9647431756851409
legacy_non_dl,4,4,1539,3.853373643092933,2.9618315392413805,0.9574133615425772
legacy_non_dl,4,5,1521,4.088943842477953,3.1447537012065037,0.9522644844750191
legacy_non_dl,4,6,1521,3.8945399522402475,3.0023394500397083,0.9566956372595768
legacy_non_dl,4,7,1521,4.151555906415352,3.2135678962145784,0.9507913889992821
legacy_non_dl,4,8,1538,3.978027074751226,3.0132106856715715,0.9546575591334581
legacy_non_dl,4,9,1521,4.838647142024513,3.622663176537483,0.9331552613095472
legacy_non_dl,4,10,1521,3.978607725391202,3.007956591429785,0.9548059180995833
legacy_non_dl,4,11,1521,5.079239514060931,3.7937002160091375,0.9263425447626604
legacy_non_dl,4,12,1521,6.194447791858487,4.567598504832904,0.890446938374872
legacy_non_dl,4,13,1521,7.038034970027198,5.171233736117019,0.8585763095633905
legacy_non_dl,4,14,1521,6.32042409559956,4.6464738405958315,0.8859456732370699
legacy_non_dl,4,15,1521,7.44925000828064,5.505238471916704,0.8415674452399977
upgrade_non_dl,4,overall,24415,4.4815322359458145,3.2524777005918355,0.9426358382818707
upgrade_non_dl,4,natural,1600,3.1510299032732774,2.4640859613490274,0.9714831070491574
upgrade_non_dl,4,0,1521,3.0882754948860103,2.4358628582501645,0.9727697645912688
upgrade_non_dl,4,1,1546,3.4724543824390945,2.6845416352543436,0.96557857910049
upgrade_non_dl,4,2,1540,3.0906008740592466,2.4330001154890617,0.9727764552001487
upgrade_non_dl,4,3,1521,3.529314561665466,2.731573230847629,0.9644368631370244
upgrade_non_dl,4,4,1539,3.750131630954809,2.8553861215582477,0.9596648069845262
upgrade_non_dl,4,5,1521,3.969949639540886,3.005839437433071,0.9550024031559731
upgrade_non_dl,4,6,1521,3.7131250273466776,2.844591607061805,0.960636068174529
upgrade_non_dl,4,7,1521,4.027716232043114,3.071336931481267,0.9536833590074095
upgrade_non_dl,4,8,1538,3.946507564688801,2.9972596381970407,0.9553732453486226
upgrade_non_dl,4,9,1521,4.798373424312967,3.544340061398725,0.9342633737551411
upgrade_non_dl,4,10,1521,3.946072012991832,2.987539941778522,0.955542059707765
upgrade_non_dl,4,11,1521,4.944327677584206,3.642059248537559,0.9302034726062676
upgrade_non_dl,4,12,1521,5.417064252696126,3.9178689482481595,0.9162186606441922
upgrade_non_dl,4,13,1521,6.2526623570128805,4.430839687849377,0.8883781335724472
upgrade_non_dl,4,14,1521,5.467745303031393,3.948360498107454,0.914643641754348
upgrade_non_dl,4,15,1521,6.429651234717227,4.536366739912313,0.8819695243832937
direct,4,overall,24415,4.631031518472356,3.358259146949859,0.9387447839920346
direct,4,natural,1600,3.177342605529075,2.4783798670305526,0.9710048574191258
direct,4,0,1521,3.1050582608872155,2.447223779613008,0.9724730032337742
direct,4,1,1546,3.52200161286497,2.7230961692174196,0.964589276794845
direct,4,2,1540,3.110783179624857,2.44381900079313,0.9724197427778829
direct,4,3,1521,3.551097156299063,2.750745168640794,0.9639965238379455
direct,4,4,1539,4.015767076788091,3.0489086545077666,0.9537482525670714
direct,4,5,1521,4.226392775425196,3.208780075531579,0.9490013082161572
direct,4,6,1521,3.9578921335490773,3.02365143607424,0.9552753209079246
direct,4,7,1521,4.203259040993467,3.2074108744128806,0.949558076781573
direct,4,8,1538,4.0074916449946345,3.0303305670889524,0.9539833840941149
direct,4,9,1521,4.914419030506071,3.6025302597102358,0.9310453285879632
direct,4,10,1521,4.000014113218783,3.016156354513987,0.9543182878980385
direct,4,11,1521,4.985218382618378,3.6624188946675527,0.9290442327121533
direct,4,12,1521,5.673177697262523,4.109735409681138,0.9081091859421223
direct,4,13,1521,6.580316913583353,4.689513304650743,0.8763731096507037
direct,4,14,1521,5.639815429036477,4.099538029185642,0.9091867731273479
direct,4,15,1521,6.599301060914774,4.69747741429058,0.8756587560423887
one_pass,4,overall,24415,4.506645349204943,3.2853369557332703,0.9419911351174396
one_pass,4,natural,1600,3.1629440655871535,2.4767405010934778,0.9712670524798579
one_pass,4,0,1521,3.103435995698316,2.451175531651741,0.972501759166432
one_pass,4,1,1546,3.4794644971898654,2.693221128856937,0.9654394603980079
one_pass,4,2,1540,3.0997294537397053,2.4492053309146473,0.9726153995878145
one_pass,4,3,1521,3.5470226205055284,2.745987677601103,0.9640790973555879
one_pass,4,4,1539,3.731636681878559,2.848534030119535,0.9600616772036159
one_pass,4,5,1521,3.977028944433977,3.023391093346152,0.9548417785834693
one_pass,4,6,1521,3.718628818240472,2.8468611513510313,0.9605192870731013
one_pass,4,7,1521,4.022130030598465,3.079196002769376,0.9538117467326508
one_pass,4,8,1538,3.992493409854936,3.0636742872878076,0.9543271784636486
one_pass,4,9,1521,4.899733023644278,3.6104824843091965,0.9314568342681175
one_pass,4,10,1521,3.962482374061753,3.0096737397900983,0.9551715201596882
one_pass,4,11,1521,5.003760409448368,3.711402435251732,0.9285154251935159
one_pass,4,12,1521,5.478965562426855,3.998504063744515,0.9142929658952099
one_pass,4,13,1521,6.28977057753412,4.482586789120496,0.887049298012464
one_pass,4,14,1521,5.524432135670839,4.035458237800708,0.912864603662797
one_pass,4,15,1521,6.3944794949334804,4.543861183272923,0.8832573027143577
two_pass,4,overall,24415,4.500241143949415,3.2744318250861286,0.9421558859183318
two_pass,4,natural,1600,3.1629440655871535,2.4767405010934778,0.9712670524798579
two_pass,4,0,1521,3.103435995698316,2.451175531651741,0.972501759166432
two_pass,4,1,1546,3.4794644971898654,2.693221128856937,0.9654394603980079
two_pass,4,2,1540,3.0997294537397053,2.4492053309146473,0.9726153995878145
two_pass,4,3,1521,3.5675316894497375,2.7478730342047744,0.9636625033954781
two_pass,4,4,1539,3.731636681878559,2.848534030119535,0.9600616772036159
two_pass,4,5,1521,3.965388534493173,3.007649937488346,0.9551057399156513
two_pass,4,6,1521,3.7061362347352285,2.8417595761700336,0.9607841092198397
two_pass,4,7,1521,4.0402033882835315,3.060828873278231,0.9533957222173153
two_pass,4,8,1538,3.992493409854936,3.0636742872878076,0.9543271784636486
two_pass,4,9,1521,4.809155403403601,3.5665863397785,0.9339676205181311
two_pass,4,10,1521,3.95753624370148,3.011953863673789,0.9552833637464181
two_pass,4,11,1521,4.990846822911808,3.6957031651755257,0.9288839204775926
two_pass,4,12,1521,5.441474375561599,3.9598536337416377,0.9154618962833012
two_pass,4,13,1521,6.243489618531562,4.441577078041063,0.8887053948604192
two_pass,4,14,1521,5.5286960198342765,4.014256376793689,0.9127300455373201
two_pass,4,15,1521,6.468928194869418,4.564314482477255,0.8805230888717585
legacy_non_dl,4,balanced,24415,4.126118928367056,3.0174909921334208,0.9512483818375147
upgrade_non_dl,4,balanced,24415,3.9195212477564976,2.8859265117240693,0.956008213564257
direct,4,balanced,24415,4.021069069792211,2.9491721663781285,0.9536991868622179
one_pass,4,balanced,24415,3.939339703147553,2.9093918804498347,0.955562213459892
two_pass,4,balanced,24415,3.9354203999673834,2.903556930532018,0.9556505930014244
