feature,imputer,fold,rmse,mae,r2
temperature,lightgbm,0,0.924348303692984,0.7047542429341896,0.7406981679144728
temperature,extratrees,0,0.9631235431606313,0.733762245965399,0.7184871092473242
temperature,hierarchical,0,1.2066790658372755,0.9195035600942778,0.5581062643856673
temperature,ensemble,0,0.924348303692984,0.7047542429341896,0.7406981679144728
temperature,two_pass_lightgbm,0,0.9282906461183265,0.7053788907950318,0.7384816082690949
humidity,lightgbm,0,4.515590841564598,3.5709936089381427,0.300152818360809
humidity,extratrees,0,4.4676317732129744,3.5377349585554323,0.3149397120664168
humidity,hierarchical,0,4.827902720570321,3.8008225659254395,0.19999800064874707
humidity,ensemble,0,4.453690974519582,3.5271196432501415,0.3192083661058507
humidity,two_pass_lightgbm,0,4.534371376469949,3.5809689058203804,0.29431932410367045
occupancy,lightgbm,0,27.356608985379655,17.109918404096124,0.8715501561895456
occupancy,extratrees,0,27.82069632610863,16.687676316914672,0.8671550511018892
occupancy,hierarchical,0,34.63844555311168,21.582820751051937,0.7940670489750714
occupancy,ensemble,0,27.16184208018143,16.57922984355119,0.8733726569848608
occupancy,two_pass_lightgbm,0,27.2941434247116,16.542634617246485,0.8721360863348592
previous_usage,lightgbm,0,8.360810984534805,5.681171812925312,0.8044957818088809
previous_usage,extratrees,0,8.439208269174996,5.700157457662602,0.8008122016778851
previous_usage,hierarchical,0,10.056663020449554,6.78353410138406,0.7171428784608014
previous_usage,ensemble,0,8.270757650181718,5.558992395981823,0.8086846079167842
previous_usage,two_pass_lightgbm,0,8.296433913531539,5.5445712898222475,0.8074949008620542
temperature,lightgbm,1,0.8957801755301967,0.6796861923746323,0.7733414462319411
temperature,extratrees,1,0.945004622210788,0.7186650990665376,0.7477465671770248
temperature,hierarchical,1,1.2794326911257692,0.9671195446904838,0.5376146068033756
temperature,ensemble,1,0.8957801755301967,0.6796861923746323,0.7733414462319411
temperature,two_pass_lightgbm,1,0.9046633193197524,0.6800417975604962,0.7688237668324971
humidity,lightgbm,1,4.602735197769728,3.5665578725940588,0.326714914098722
humidity,extratrees,1,4.597574896615194,3.5708079353614397,0.3282237587495366
humidity,hierarchical,1,5.079051474909543,3.9077036431404637,0.18015407373678827
humidity,ensemble,1,4.569002797119024,3.543375993769678,0.3365474582290412
humidity,two_pass_lightgbm,1,4.582656178718813,3.5467072958683405,0.332576392538949
occupancy,lightgbm,1,23.562827194157403,15.989989227475666,0.8945233262798956
occupancy,extratrees,1,22.6044803955804,14.912718365223078,0.9029287357192912
occupancy,hierarchical,1,29.161907928212422,19.49249599985168,0.8384401288930016
occupancy,ensemble,1,22.601875969852646,15.207778000822534,0.9029511029959884
occupancy,two_pass_lightgbm,1,22.771017154908854,15.04708637041647,0.9014931367472232
previous_usage,lightgbm,1,8.73795260352108,5.734953956787779,0.7870552258897889
previous_usage,extratrees,1,8.836681916751273,5.750530981507325,0.7822159538637724
previous_usage,hierarchical,1,10.281105751180558,6.604317837999446,0.7052001421519947
previous_usage,ensemble,1,8.664464030572319,5.626765236792533,0.7906220113954956
previous_usage,two_pass_lightgbm,1,8.458666515248462,5.6143562796748805,0.8004501418370629
temperature,lightgbm,2,0.9505121639325317,0.711968410945838,0.7505534034963949
temperature,extratrees,2,0.9963605132788577,0.744459184630931,0.7259087066939252
temperature,hierarchical,2,1.295329395311528,0.9657036666370769,0.5367422781361488
temperature,ensemble,2,0.9505121639325317,0.711968410945838,0.7505534034963949
temperature,two_pass_lightgbm,2,0.9519580836405616,0.705073441957653,0.7497939096217985
humidity,lightgbm,2,4.618395408147885,3.5554673300120547,0.3188898410713116
humidity,extratrees,2,4.581224946000352,3.5421444477734205,0.32980934726058553
humidity,hierarchical,2,5.057122632584109,3.859754354678931,0.18333846079693383
humidity,ensemble,2,4.560018023723414,3.5166640418968935,0.33599973752957735
humidity,two_pass_lightgbm,2,4.6027998192498885,3.5280638149877865,0.3234820763221966
occupancy,lightgbm,2,26.67773739668199,16.609526660927884,0.8708731699720176
occupancy,extratrees,2,26.342960852974535,15.725571935888794,0.8740936378164526
occupancy,hierarchical,2,33.54521717688005,21.137541813869433,0.7958357400279781
occupancy,ensemble,2,26.112603623019496,15.916861592009656,0.8762859980471726
occupancy,two_pass_lightgbm,2,26.326416681651356,16.25464382753436,0.8742517341170011
previous_usage,lightgbm,2,8.014003430211694,5.712587096342209,0.8164319626022347
previous_usage,extratrees,2,7.904758120311468,5.560020128365662,0.821402577248467
previous_usage,hierarchical,2,8.937992224137412,6.392765651069682,0.7716621214699098
previous_usage,ensemble,2,7.850412390377164,5.558950862743894,0.8238498735321892
previous_usage,two_pass_lightgbm,2,8.117302089112684,5.63252462979668,0.8116691640100999
temperature,lightgbm,3,0.9396481190246821,0.7054116874046324,0.7536771533675798
temperature,extratrees,3,0.9879764736949396,0.7359521047361858,0.7276876090041391
temperature,hierarchical,3,1.294731649342523,0.9787669457851205,0.5323362302975305
temperature,ensemble,3,0.9396481190246821,0.7054116874046324,0.7536771533675798
temperature,two_pass_lightgbm,3,0.9408336235646447,0.700309668431475,0.7530552161589492
humidity,lightgbm,3,4.6053928472645165,3.5826270248163246,0.330790737969231
humidity,extratrees,3,4.60103863943132,3.576965531481367,0.33205555894448835
humidity,hierarchical,3,5.052495974516252,3.8762186719458716,0.19454639213004166
humidity,ensemble,3,4.575895442124007,3.556699115666736,0.33933581567385773
humidity,two_pass_lightgbm,3,4.623586340750893,3.5964587255846467,0.32549290398249
occupancy,lightgbm,3,25.081989993083802,15.971027063522607,0.8826359275151175
occupancy,extratrees,3,25.455991381188127,15.665678620971306,0.8791097652338354
occupancy,hierarchical,3,32.32871409321734,20.674744517090232,0.805020904505934
occupancy,ensemble,3,24.803452210956266,15.41193863520881,0.8852281312376854
occupancy,two_pass_lightgbm,3,24.987017724695676,15.671160779738301,0.8835230365167073
previous_usage,lightgbm,3,8.267876102834993,5.603337668666147,0.8164077827832732
previous_usage,extratrees,3,8.304612428247173,5.633733173128634,0.8147726621929734
previous_usage,hierarchical,3,9.644776763609377,6.530593057750826,0.7501664800451252
previous_usage,ensemble,3,8.145975571359367,5.492277740532645,0.8217815945575492
previous_usage,two_pass_lightgbm,3,8.065067766886276,5.506183100645496,0.8253042302400699
temperature,lightgbm,4,0.9668705383749423,0.7267642126650594,0.737581542361406
temperature,extratrees,4,1.013976178405924,0.7588159257389941,0.7113887678877531
temperature,hierarchical,4,1.2934220273558328,0.9705130451369764,0.5303890333410344
temperature,ensemble,4,0.9668705383749423,0.7267642126650594,0.737581542361406
temperature,two_pass_lightgbm,4,0.9594778593303647,0.7187090383081026,0.7415790970350611
humidity,lightgbm,4,4.572323314279484,3.58793804198887,0.33083576792490776
humidity,extratrees,4,4.538147207695571,3.556063535450635,0.34080179923594356
humidity,hierarchical,4,5.012621416880778,3.885154939223463,0.19575445238231748
humidity,ensemble,4,4.523041660001096,3.542524349793452,0.34518287247935764
humidity,two_pass_lightgbm,4,4.6002942874619475,3.587926300005688,0.3226235640983053
occupancy,lightgbm,4,26.077459308038353,16.465648269228808,0.880522619327202
occupancy,extratrees,4,25.741786763711218,15.94917269672307,0.8835786805522162
occupancy,hierarchical,4,33.409867472653566,21.447541830856093,0.8038877845069026
occupancy,ensemble,4,25.487535276720315,15.907028172211264,0.8858671085380838
occupancy,two_pass_lightgbm,4,25.842654825811362,16.135755991053827,0.8826645093192014
previous_usage,lightgbm,4,8.239418807757973,5.740474594282872,0.8108264609855651
previous_usage,extratrees,4,8.256729656329163,5.7389516608549815,0.8100307265630823
previous_usage,hierarchical,4,9.562118550861017,6.581651136906468,0.7452140478492502
previous_usage,ensemble,4,8.11065037540768,5.618329012510046,0.8166931927865262
previous_usage,two_pass_lightgbm,4,8.216544331162376,5.637782889149752,0.811875379383501
