pattern,row_count,baseline_rmse,upgraded_rmse,direct_rmse,imputed_rmse,two_pass_rmse,chosen_strategy,chosen_weights
0,7537,3.029268927583249,3.022511010300869,3.033223882701863,3.041520102953424,3.041520102953424,one_pass,"{""direct"": 0.5, ""imputed"": 0.5}"
1,7651,3.376009364967577,3.376445958009981,3.433459345399703,3.3868358448824383,3.3868358448824383,one_pass,"{""direct"": 0.2, ""imputed"": 0.8}"
2,7648,3.0332917252740232,3.0248432153652067,3.0356580990110236,3.0475341279955335,3.0475341279955335,one_pass,"{""direct"": 0.6, ""imputed"": 0.4}"
3,7540,3.4688245798705397,3.446471608743739,3.471519587075976,3.466184539695459,3.4733168268275776,one_pass,"{""direct"": 0.2, ""imputed"": 0.8}"
4,7654,3.720370778457288,3.673292445429901,3.904102909387447,3.667541252702372,3.667541252702372,one_pass,"{""direct"": 0.1, ""imputed"": 0.9}"
5,7538,4.010845381668458,3.8978032575225376,4.143337115647972,3.913799779246777,3.8964205906130993,two_pass,"{""direct"": 0.1, ""imputed"": 0.9}"
6,7540,3.732292180554538,3.6491617317259704,3.8564762082986794,3.6530594977055646,3.647723342786068,two_pass,"{""direct"": 0.0, ""imputed"": 1.0}"
7,7537,4.089745953172675,3.9804812585661957,4.123552705399041,3.9865781645857186,3.996193883657783,one_pass,"{""direct"": 0.2, ""imputed"": 0.8}"
8,7647,3.9116098462797577,3.8802897222055255,3.9200768894188247,3.94619435227744,3.94619435227744,one_pass,"{""direct"": 0.6, ""imputed"": 0.4}"
9,7538,4.68050928102558,4.610207714102558,4.688354987296322,4.680047437192465,4.642498107499689,two_pass,"{""direct"": 0.4, ""imputed"": 0.6}"
10,7539,3.9353541847281006,3.87897020120723,3.912059740445022,3.9238139862206,3.9180746584682447,two_pass,"{""direct"": 0.6, ""imputed"": 0.4}"
11,7537,4.961698627219611,4.75450345507027,4.7821008587498035,4.8197142941499775,4.811406188295575,two_pass,"{""direct"": 0.6, ""imputed"": 0.4}"
12,7538,6.176863978872654,5.429451804606728,5.599529909805625,5.5144375914520225,5.487823462585858,two_pass,"{""direct"": 0.4, ""imputed"": 0.6}"
13,7537,6.9493105876036445,6.150239438271098,6.302912702608026,6.256626637196044,6.226791250967341,two_pass,"{""direct"": 0.4, ""imputed"": 0.6}"
14,7537,6.161137304528895,5.436828933693253,5.565571425541897,5.518380014637514,5.510947621352015,two_pass,"{""direct"": 0.4, ""imputed"": 0.6}"
15,7537,7.22407305035277,6.29429541439353,6.394018674942822,6.338657397614361,6.366415115913424,one_pass,"{""direct"": 0.4, ""imputed"": 0.6}"
