pattern,rows,mean_change_vs_v4,rms_change_vs_v4,max_abs_change_vs_v4
0,2453,-0.003023481451284047,0.04321483118657655,0.2451019999999957
1,80,0.008336075000000286,0.11799316478084679,0.6406670000000076
2,70,-0.0019104000000001215,0.041045821741420935,0.11300300000000618
3,31,0.027235064516128157,0.16867190538257074,0.5116199999999935
4,81,0.019432827160494683,0.1777747693202045,1.039361999999997
5,33,0.13731169696969767,0.3274947724245291,0.7183350000000033
6,37,0.025098432432434065,0.1794817153769397,0.42250800000000055
7,12,-0.1498819166666685,0.6463547735861344,2.095331999999999
8,85,-0.004648823529411776,0.19834020493722726,0.7056070000000005
9,43,0.014218116279070747,0.42661037639892463,1.5091389999999976
10,26,-0.08574280769230856,0.3200010194987964,0.8133240000000015
11,6,-0.07117683333333247,0.3692540781790101,0.8038869999999889
12,36,0.16831913888888828,0.6834403404302919,1.474544999999999
13,6,0.5424048333333312,1.1573505921122171,1.7463589999999982
14,1,-2.058292999999999,2.058292999999999,2.058292999999999
